"id","ref","stationId","timestamp","confidence","probability","score","certainty","algorithm","metadata","lat","lon","favorite","species.id","species.commonName","species.scientificName","species.color","species.classification","species.imageUrl","species.thumbnailUrl","species.pngUrl","species.thumbhash","soundscape.id","soundscape.url","soundscape.startTime","soundscape.endTime","soundscape.mode"
11647289964,"1791569656-11647289964",6891,"2026-10-09T20:14:16.000+02:00",0.92,0.762077450752258,9.40394886170287,"almost_certain","2p4",NA,51.5703,6.0046,FALSE,90,"Gray Heron","Ardea cinerea","#a70076","avian","https://media.birdweather.com/species/90/GrayHeron-standard-e3f0fccd9ae9722e5e8fbb19dbaf13d5.jpg","https://media.birdweather.com/species/90/GrayHeron-thumbnail-48938163008079f2a083eb422453fe97.jpg","https://media.birdweather.com/species/90/GrayHeron-png200-17ea141f1d862a12d8e4f1d98638157f.png","LOcJDwKIeId/h3iBh8eIR2iKpgfXaYAN",17968621402,"https://media.birdweather.com/soundscapes/6891/6891-20261009-181416.flac",0,3,"birdnetpi"
11646593394,"1791566846-11646593394",6891,"2026-10-09T19:27:26.000+02:00",0.79,0.992281138896942,9.43906862441842,"almost_certain","2p4",NA,51.5664,6.0031,FALSE,58,"Carrion Crow","Corvus corone","#01a85a","avian","https://media.birdweather.com/species/58/CarrionCrow-standard-ed24da07616d0cd7c5ef9cd2892ec869.jpg","https://media.birdweather.com/species/58/CarrionCrow-thumbnail-38cc6285bbd8f8340f32fa4dc3f58a69.jpg","https://media.birdweather.com/species/58/CarrionCrow-png200-5ec2904f61f6588853b296f54d8d0cb6.png","nggODwDDmZlqdoiPdLeIWIiYaK6A1gMK",17967189834,"https://media.birdweather.com/soundscapes/6891/6891-20261009-172726.flac",0,3,"birdnetpi"
11646583403,"1791566794-11646583403",6891,"2026-10-09T19:26:34.000+02:00",0.75,0.992281138896942,9.3224024269922,"almost_certain","2p4",NA,51.5674,6.0013,FALSE,58,"Carrion Crow","Corvus corone","#01a85a","avian","https://media.birdweather.com/species/58/CarrionCrow-standard-ed24da07616d0cd7c5ef9cd2892ec869.jpg","https://media.birdweather.com/species/58/CarrionCrow-thumbnail-38cc6285bbd8f8340f32fa4dc3f58a69.jpg","https://media.birdweather.com/species/58/CarrionCrow-png200-5ec2904f61f6588853b296f54d8d0cb6.png","nggODwDDmZlqdoiPdLeIWIiYaK6A1gMK",17967169601,"https://media.birdweather.com/soundscapes/6891/6891-20261009-172634.flac",0,3,"birdnetpi"
11646502878,"1791566483-11646502878",6891,"2026-10-09T19:21:23.000+02:00",0.7,0.992281138896942,9.16103966814296,"almost_certain","2p4",NA,51.5642,6.0068,FALSE,58,"Carrion Crow","Corvus corone","#01a85a","avian","https://media.birdweather.com/species/58/CarrionCrow-standard-ed24da07616d0cd7c5ef9cd2892ec869.jpg","https://media.birdweather.com/species/58/CarrionCrow-thumbnail-38cc6285bbd8f8340f32fa4dc3f58a69.jpg","https://media.birdweather.com/species/58/CarrionCrow-png200-5ec2904f61f6588853b296f54d8d0cb6.png","nggODwDDmZlqdoiPdLeIWIiYaK6A1gMK",17967009919,"https://media.birdweather.com/soundscapes/6891/6891-20261009-172123.flac",0,3,"birdnetpi"
11646196395,"1791565313-11646196395",6891,"2026-10-09T19:01:53.000+02:00",0.71,0.992281138896942,9.19486854739177,"almost_certain","2p4",NA,51.5646,6.0079,FALSE,58,"Carrion Crow","Corvus corone","#01a85a","avian","https://media.birdweather.com/species/58/CarrionCrow-standard-ed24da07616d0cd7c5ef9cd2892ec869.jpg","https://media.birdweather.com/species/58/CarrionCrow-thumbnail-38cc6285bbd8f8340f32fa4dc3f58a69.jpg","https://media.birdweather.com/species/58/CarrionCrow-png200-5ec2904f61f6588853b296f54d8d0cb6.png","nggODwDDmZlqdoiPdLeIWIiYaK6A1gMK",17966415265,"https://media.birdweather.com/soundscapes/6891/6891-20261009-170153.flac",0,3,"birdnetpi"
11646095468,"1791564941-11646095468",6891,"2026-10-09T18:55:41.000+02:00",0.82,0.992281138896942,9.52047871046342,"almost_certain","2p4",NA,51.5658,6.0027,FALSE,58,"Carrion Crow","Corvus corone","#01a85a","avian","https://media.birdweather.com/species/58/CarrionCrow-standard-ed24da07616d0cd7c5ef9cd2892ec869.jpg","https://media.birdweather.com/species/58/CarrionCrow-thumbnail-38cc6285bbd8f8340f32fa4dc3f58a69.jpg","https://media.birdweather.com/species/58/CarrionCrow-png200-5ec2904f61f6588853b296f54d8d0cb6.png","nggODwDDmZlqdoiPdLeIWIiYaK6A1gMK",17966224972,"https://media.birdweather.com/soundscapes/6891/6891-20261009-165541.flac",0,3,"birdnetpi"
11645781206,"1791563786-11645781206",6891,"2026-10-09T18:36:26.000+02:00",0.71,0.992281138896942,9.19486854739177,"almost_certain","2p4",NA,51.5691,6.0049,FALSE,58,"Carrion Crow","Corvus corone","#01a85a","avian","https://media.birdweather.com/species/58/CarrionCrow-standard-ed24da07616d0cd7c5ef9cd2892ec869.jpg","https://media.birdweather.com/species/58/CarrionCrow-thumbnail-38cc6285bbd8f8340f32fa4dc3f58a69.jpg","https://media.birdweather.com/species/58/CarrionCrow-png200-5ec2904f61f6588853b296f54d8d0cb6.png","nggODwDDmZlqdoiPdLeIWIiYaK6A1gMK",17965635910,"https://media.birdweather.com/soundscapes/6891/6891-20261009-163626.flac",0,3,"birdnetpi"
11645727623,"1791563591-11645727623",6891,"2026-10-09T18:33:11.000+02:00",0.71,0.992281138896942,9.19486854739177,"almost_certain","2p4",NA,51.5618,6.0032,FALSE,58,"Carrion Crow","Corvus corone","#01a85a","avian","https://media.birdweather.com/species/58/CarrionCrow-standard-ed24da07616d0cd7c5ef9cd2892ec869.jpg","https://media.birdweather.com/species/58/CarrionCrow-thumbnail-38cc6285bbd8f8340f32fa4dc3f58a69.jpg","https://media.birdweather.com/species/58/CarrionCrow-png200-5ec2904f61f6588853b296f54d8d0cb6.png","nggODwDDmZlqdoiPdLeIWIiYaK6A1gMK",17965536334,"https://media.birdweather.com/soundscapes/6891/6891-20261009-163311.flac",0,3,"birdnetpi"
11645683112,"1791563434-11645683112",6891,"2026-10-09T18:30:34.000+02:00",0.79,0.954408407211304,9.3862976544157,"almost_certain","2p4",NA,51.5633,6.0081,FALSE,6,"European Robin","Erithacus rubecula","#93d436","avian","https://media.birdweather.com/species/6/EuropeanRobin-standard-6802f21dc9c4b056c0c15b0a4ad01a9a.jpg","https://media.birdweather.com/species/6/EuropeanRobin-thumbnail-3afd51da2d7daf4db7f4ed43af30ed2d.jpg","https://media.birdweather.com/species/6/EuropeanRobin-png200-ac96bfc6bbb72a9e2528d5544937cebd.png","YxgKFwJnWYePd3iMd5h4Z4eHp6cMG8gA",17965452849,"https://media.birdweather.com/soundscapes/6891/6891-20261009-163034.flac",0,3,"birdnetpi"
11645214458,"1791561755-11645214458",6891,"2026-10-09T18:02:35.000+02:00",0.87,0.491019994020462,8.69631375115962,"almost_certain","2p4",NA,51.569,6.0042,FALSE,44,"Dunnock","Prunella modularis","#fea614","avian","https://media.birdweather.com/species/44/Dunnock-standard-a705d7131240cedd1c407b5a19989591.jpg","https://media.birdweather.com/species/44/Dunnock-thumbnail-1036624855b82c96db4ad23d1ed9d702.jpg","https://media.birdweather.com/species/44/Dunnock-png200-951bb2cdb9ec585716907d8eac83882e.png","lQgGDwB9pneQhHlwWjeK2ZK6d/kdFaUA",17964601215,"https://media.birdweather.com/soundscapes/6891/6891-20261009-160235.flac",0,3,"birdnetpi"
11644130544,"1791558061-11644130544",6891,"2026-10-09T17:01:01.000+02:00",0.92,0.992281138896942,9.76144892351864,"almost_certain","2p4",NA,51.5635,6.0094,FALSE,58,"Carrion Crow","Corvus corone","#01a85a","avian","https://media.birdweather.com/species/58/CarrionCrow-standard-ed24da07616d0cd7c5ef9cd2892ec869.jpg","https://media.birdweather.com/species/58/CarrionCrow-thumbnail-38cc6285bbd8f8340f32fa4dc3f58a69.jpg","https://media.birdweather.com/species/58/CarrionCrow-png200-5ec2904f61f6588853b296f54d8d0cb6.png","nggODwDDmZlqdoiPdLeIWIiYaK6A1gMK",17962714460,"https://media.birdweather.com/soundscapes/6891/6891-20261009-150101.flac",0,3,"birdnetpi"
11644076871,"1791557887-11644076871",6891,"2026-10-09T16:58:07.000+02:00",0.86,0.865980267524719,9.43748098295618,"almost_certain","2p4",NA,51.5684,6.0045,FALSE,52,"Eurasian Magpie","Pica pica","#d9c845","avian","https://media.birdweather.com/species/52/EurasianMagpie-standard-918a15076b13e00f4b99a7d5416ca730.jpg","https://media.birdweather.com/species/52/EurasianMagpie-thumbnail-d9fbe854e7c8607465886068aaae11f9.jpg","https://media.birdweather.com/species/52/EurasianMagpie-png200-5c239aeda607c9e0851a39f804982091.png","FggGDwAf+FnWW5aUV4SFiZZ7ehr4bvIM",17962625253,"https://media.birdweather.com/soundscapes/6891/6891-20261009-145807.flac",0,3,"birdnetpi"
11643895326,"1791557311-11643895326",6891,"2026-10-09T16:48:31.000+02:00",0.96,0.865980267524719,9.66257616322522,"almost_certain","2p4",NA,51.5663,6.0074,FALSE,52,"Eurasian Magpie","Pica pica","#d9c845","avian","https://media.birdweather.com/species/52/EurasianMagpie-standard-918a15076b13e00f4b99a7d5416ca730.jpg","https://media.birdweather.com/species/52/EurasianMagpie-thumbnail-d9fbe854e7c8607465886068aaae11f9.jpg","https://media.birdweather.com/species/52/EurasianMagpie-png200-5c239aeda607c9e0851a39f804982091.png","FggGDwAf+FnWW5aUV4SFiZZ7ehr4bvIM",17962329457,"https://media.birdweather.com/soundscapes/6891/6891-20261009-144831.flac",0,3,"birdnetpi"
11643738908,"1791556822-11643738908",6891,"2026-10-09T16:40:22.000+02:00",0.95,0.865980267524719,9.64165972640604,"almost_certain","2p4",NA,51.5688,6.0083,FALSE,52,"Eurasian Magpie","Pica pica","#d9c845","avian","https://media.birdweather.com/species/52/EurasianMagpie-standard-918a15076b13e00f4b99a7d5416ca730.jpg","https://media.birdweather.com/species/52/EurasianMagpie-thumbnail-d9fbe854e7c8607465886068aaae11f9.jpg","https://media.birdweather.com/species/52/EurasianMagpie-png200-5c239aeda607c9e0851a39f804982091.png","FggGDwAf+FnWW5aUV4SFiZZ7ehr4bvIM",17962077188,"https://media.birdweather.com/soundscapes/6891/6891-20261009-144022.flac",0,3,"birdnetpi"
11643692743,"1791556676-11643692743",6891,"2026-10-09T16:37:56.000+02:00",0.84,0.865980267524719,9.38765731044208,"almost_certain","2p4",NA,51.5675,6.0066,FALSE,52,"Eurasian Magpie","Pica pica","#d9c845","avian","https://media.birdweather.com/species/52/EurasianMagpie-standard-918a15076b13e00f4b99a7d5416ca730.jpg","https://media.birdweather.com/species/52/EurasianMagpie-thumbnail-d9fbe854e7c8607465886068aaae11f9.jpg","https://media.birdweather.com/species/52/EurasianMagpie-png200-5c239aeda607c9e0851a39f804982091.png","FggGDwAf+FnWW5aUV4SFiZZ7ehr4bvIM",17962003752,"https://media.birdweather.com/soundscapes/6891/6891-20261009-143756.flac",0,3,"birdnetpi"
11643448007,"1791555920-11643448007",6891,"2026-10-09T16:25:20.000+02:00",0.82,0.865980267524719,9.33595306110558,"almost_certain","2p4",NA,51.5656,6.0093,FALSE,52,"Eurasian Magpie","Pica pica","#d9c845","avian","https://media.birdweather.com/species/52/EurasianMagpie-standard-918a15076b13e00f4b99a7d5416ca730.jpg","https://media.birdweather.com/species/52/EurasianMagpie-thumbnail-d9fbe854e7c8607465886068aaae11f9.jpg","https://media.birdweather.com/species/52/EurasianMagpie-png200-5c239aeda607c9e0851a39f804982091.png","FggGDwAf+FnWW5aUV4SFiZZ7ehr4bvIM",17961615246,"https://media.birdweather.com/soundscapes/6891/6891-20261009-142520.flac",0,3,"birdnetpi"
11643437744,"1791555889-11643437744",6891,"2026-10-09T16:24:49.000+02:00",0.76,0.865980267524719,9.16798787983908,"almost_certain","2p4",NA,51.5661,6.007,FALSE,52,"Eurasian Magpie","Pica pica","#d9c845","avian","https://media.birdweather.com/species/52/EurasianMagpie-standard-918a15076b13e00f4b99a7d5416ca730.jpg","https://media.birdweather.com/species/52/EurasianMagpie-thumbnail-d9fbe854e7c8607465886068aaae11f9.jpg","https://media.birdweather.com/species/52/EurasianMagpie-png200-5c239aeda607c9e0851a39f804982091.png","FggGDwAf+FnWW5aUV4SFiZZ7ehr4bvIM",17961599518,"https://media.birdweather.com/soundscapes/6891/6891-20261009-142449.flac",0,3,"birdnetpi"
11641445820,"1791549202-11641445820",6891,"2026-10-09T14:33:22.000+02:00",0.96,0.250644773244858,8.00188256692926,"almost_certain","2p4",NA,51.5679,6.0026,FALSE,153,"Redwing","Turdus iliacus","#a7d386","avian","https://media.birdweather.com/species/153/Redwing-standard-ae91684833cd769f25471a15ff837acf.jpg","https://media.birdweather.com/species/153/Redwing-thumbnail-c9619e17a8a8e1f1c4939acdda7f9932.jpg","https://media.birdweather.com/species/153/Redwing-png200-900c588ec17bc5296570913adee24720.png","H+kFJwhomGePiYh4d4dmeYiWZgiYWX8D",17958273094,"https://media.birdweather.com/soundscapes/6891/6891-20261009-123322.flac",0,3,"birdnetpi"
11641125654,"1791548131-11641125654",6891,"2026-10-09T14:15:31.000+02:00",0.71,0.992281138896942,9.19486854739177,"almost_certain","2p4",NA,51.563,6.0091,FALSE,58,"Carrion Crow","Corvus corone","#01a85a","avian","https://media.birdweather.com/species/58/CarrionCrow-standard-ed24da07616d0cd7c5ef9cd2892ec869.jpg","https://media.birdweather.com/species/58/CarrionCrow-thumbnail-38cc6285bbd8f8340f32fa4dc3f58a69.jpg","https://media.birdweather.com/species/58/CarrionCrow-png200-5ec2904f61f6588853b296f54d8d0cb6.png","nggODwDDmZlqdoiPdLeIWIiYaK6A1gMK",17957728585,"https://media.birdweather.com/soundscapes/6891/6891-20261009-121531.flac",0,3,"birdnetpi"
11641090019,"1791548011-11641090019",6891,"2026-10-09T14:13:31.000+02:00",0.76,0.992281138896942,9.35251352919692,"almost_certain","2p4",NA,51.5651,6.0008,FALSE,58,"Carrion Crow","Corvus corone","#01a85a","avian","https://media.birdweather.com/species/58/CarrionCrow-standard-ed24da07616d0cd7c5ef9cd2892ec869.jpg","https://media.birdweather.com/species/58/CarrionCrow-thumbnail-38cc6285bbd8f8340f32fa4dc3f58a69.jpg","https://media.birdweather.com/species/58/CarrionCrow-png200-5ec2904f61f6588853b296f54d8d0cb6.png","nggODwDDmZlqdoiPdLeIWIiYaK6A1gMK",17957667410,"https://media.birdweather.com/soundscapes/6891/6891-20261009-121331.flac",0,3,"birdnetpi"
11640202015,"1791544852-11640202015",6891,"2026-10-09T13:20:52.000+02:00",0.82,0.954408407211304,9.46770774046069,"almost_certain","2p4",NA,51.5643,6.0022,FALSE,6,"European Robin","Erithacus rubecula","#93d436","avian","https://media.birdweather.com/species/6/EuropeanRobin-standard-6802f21dc9c4b056c0c15b0a4ad01a9a.jpg","https://media.birdweather.com/species/6/EuropeanRobin-thumbnail-3afd51da2d7daf4db7f4ed43af30ed2d.jpg","https://media.birdweather.com/species/6/EuropeanRobin-png200-ac96bfc6bbb72a9e2528d5544937cebd.png","YxgKFwJnWYePd3iMd5h4Z4eHp6cMG8gA",17956069919,"https://media.birdweather.com/soundscapes/6891/6891-20261009-112052.flac",0,3,"birdnetpi"
11640073659,"1791544327-11640073659",6891,"2026-10-09T13:12:07.000+02:00",0.82,0.184927105903625,7.27722954875371,"almost_certain","2p4",NA,51.567,6.0069,FALSE,20,"Black Redstart","Phoenicurus ochruros","#c8ce2d","avian","https://media.birdweather.com/species/20/BlackRedstart-standard-4255c9b712ecb46ea7d3df8d556c18e7.jpg","https://media.birdweather.com/species/20/BlackRedstart-thumbnail-2fee59acc1ecc6be7238da194869e940.jpg","https://media.birdweather.com/species/20/BlackRedstart-png200-cbc0625b8b4889aeec1da754ad906efd.png","2QgGFwT8epa+l3ZlZ5hntnh4Z/6oyZ8I",17955807019,"https://media.birdweather.com/soundscapes/6891/6891-20261009-111207.flac",0,3,"birdnetpi"
11640053302,"1791544240-11640053302",6891,"2026-10-09T13:10:40.000+02:00",0.87,0.184927105903625,7.40300589123049,"almost_certain","2p4",NA,51.5647,6.0025,FALSE,20,"Black Redstart","Phoenicurus ochruros","#c8ce2d","avian","https://media.birdweather.com/species/20/BlackRedstart-standard-4255c9b712ecb46ea7d3df8d556c18e7.jpg","https://media.birdweather.com/species/20/BlackRedstart-thumbnail-2fee59acc1ecc6be7238da194869e940.jpg","https://media.birdweather.com/species/20/BlackRedstart-png200-cbc0625b8b4889aeec1da754ad906efd.png","2QgGFwT8epa+l3ZlZ5hntnh4Z/6oyZ8I",17955763263,"https://media.birdweather.com/soundscapes/6891/6891-20261009-111040.flac",0,3,"birdnetpi"
11639965858,"1791543849-11639965858",6891,"2026-10-09T13:04:09.000+02:00",0.93,0.491019994020462,8.83342808938269,"almost_certain","2p4",NA,51.5673,6.0039,FALSE,44,"Dunnock","Prunella modularis","#fea614","avian","https://media.birdweather.com/species/44/Dunnock-standard-a705d7131240cedd1c407b5a19989591.jpg","https://media.birdweather.com/species/44/Dunnock-thumbnail-1036624855b82c96db4ad23d1ed9d702.jpg","https://media.birdweather.com/species/44/Dunnock-png200-951bb2cdb9ec585716907d8eac83882e.png","lQgGDwB9pneQhHlwWjeK2ZK6d/kdFaUA",17955568122,"https://media.birdweather.com/soundscapes/6891/6891-20261009-110409.flac",0,3,"birdnetpi"
11639305790,"1791539362-11639305790",6891,"2026-10-09T11:49:22.000+02:00",0.82,0.992281138896942,9.52047871046342,"almost_certain","2p4",NA,51.5627,6.0023,FALSE,58,"Carrion Crow","Corvus corone","#01a85a","avian","https://media.birdweather.com/species/58/CarrionCrow-standard-ed24da07616d0cd7c5ef9cd2892ec869.jpg","https://media.birdweather.com/species/58/CarrionCrow-thumbnail-38cc6285bbd8f8340f32fa4dc3f58a69.jpg","https://media.birdweather.com/species/58/CarrionCrow-png200-5ec2904f61f6588853b296f54d8d0cb6.png","nggODwDDmZlqdoiPdLeIWIiYaK6A1gMK",17953365295,"https://media.birdweather.com/soundscapes/6891/6891-20261009-094922.flac",0,3,"birdnetpi"
11639234841,"1791538756-11639234841",6891,"2026-10-09T11:39:16.000+02:00",0.8,0.491019994020462,8.51680503166285,"almost_certain","2p4",NA,51.5704,6.0057,FALSE,44,"Dunnock","Prunella modularis","#fea614","avian","https://media.birdweather.com/species/44/Dunnock-standard-a705d7131240cedd1c407b5a19989591.jpg","https://media.birdweather.com/species/44/Dunnock-thumbnail-1036624855b82c96db4ad23d1ed9d702.jpg","https://media.birdweather.com/species/44/Dunnock-png200-951bb2cdb9ec585716907d8eac83882e.png","lQgGDwB9pneQhHlwWjeK2ZK6d/kdFaUA",17953070008,"https://media.birdweather.com/soundscapes/6891/6891-20261009-093916.flac",0,3,"birdnetpi"
11639232331,"1791538735-11639232331",6891,"2026-10-09T11:38:55.000+02:00",0.82,0.491019994020462,8.57053740868284,"almost_certain","2p4",NA,51.5683,6.0049,FALSE,44,"Dunnock","Prunella modularis","#fea614","avian","https://media.birdweather.com/species/44/Dunnock-standard-a705d7131240cedd1c407b5a19989591.jpg","https://media.birdweather.com/species/44/Dunnock-thumbnail-1036624855b82c96db4ad23d1ed9d702.jpg","https://media.birdweather.com/species/44/Dunnock-png200-951bb2cdb9ec585716907d8eac83882e.png","lQgGDwB9pneQhHlwWjeK2ZK6d/kdFaUA",17953059755,"https://media.birdweather.com/soundscapes/6891/6891-20261009-093855.flac",0,3,"birdnetpi"
11639229434,"1791538719-11639229434",6891,"2026-10-09T11:38:39.000+02:00",0.96,0.491019994020462,8.89716051080249,"almost_certain","2p4",NA,51.5681,6.0065,FALSE,44,"Dunnock","Prunella modularis","#fea614","avian","https://media.birdweather.com/species/44/Dunnock-standard-a705d7131240cedd1c407b5a19989591.jpg","https://media.birdweather.com/species/44/Dunnock-thumbnail-1036624855b82c96db4ad23d1ed9d702.jpg","https://media.birdweather.com/species/44/Dunnock-png200-951bb2cdb9ec585716907d8eac83882e.png","lQgGDwB9pneQhHlwWjeK2ZK6d/kdFaUA",17953047551,"https://media.birdweather.com/soundscapes/6891/6891-20261009-093839.flac",0,3,"birdnetpi"
11639227031,"1791538696-11639227031",6891,"2026-10-09T11:38:16.000+02:00",0.94,0.491019994020462,8.85500333842904,"almost_certain","2p4",NA,51.5692,6.0075,FALSE,44,"Dunnock","Prunella modularis","#fea614","avian","https://media.birdweather.com/species/44/Dunnock-standard-a705d7131240cedd1c407b5a19989591.jpg","https://media.birdweather.com/species/44/Dunnock-thumbnail-1036624855b82c96db4ad23d1ed9d702.jpg","https://media.birdweather.com/species/44/Dunnock-png200-951bb2cdb9ec585716907d8eac83882e.png","lQgGDwB9pneQhHlwWjeK2ZK6d/kdFaUA",17953037345,"https://media.birdweather.com/soundscapes/6891/6891-20261009-093816.flac",0,3,"birdnetpi"
11639224890,"1791538674-11639224890",6891,"2026-10-09T11:37:54.000+02:00",0.96,0.491019994020462,8.89716051080249,"almost_certain","2p4",NA,51.5696,6.0077,FALSE,44,"Dunnock","Prunella modularis","#fea614","avian","https://media.birdweather.com/species/44/Dunnock-standard-a705d7131240cedd1c407b5a19989591.jpg","https://media.birdweather.com/species/44/Dunnock-thumbnail-1036624855b82c96db4ad23d1ed9d702.jpg","https://media.birdweather.com/species/44/Dunnock-png200-951bb2cdb9ec585716907d8eac83882e.png","lQgGDwB9pneQhHlwWjeK2ZK6d/kdFaUA",17953029091,"https://media.birdweather.com/soundscapes/6891/6891-20261009-093754.flac",0,3,"birdnetpi"
11639221550,"1791538645-11639221550",6891,"2026-10-09T11:37:25.000+02:00",0.82,0.491019994020462,8.57053740868284,"almost_certain","2p4",NA,51.5616,6.0061,FALSE,44,"Dunnock","Prunella modularis","#fea614","avian","https://media.birdweather.com/species/44/Dunnock-standard-a705d7131240cedd1c407b5a19989591.jpg","https://media.birdweather.com/species/44/Dunnock-thumbnail-1036624855b82c96db4ad23d1ed9d702.jpg","https://media.birdweather.com/species/44/Dunnock-png200-951bb2cdb9ec585716907d8eac83882e.png","lQgGDwB9pneQhHlwWjeK2ZK6d/kdFaUA",17953015390,"https://media.birdweather.com/soundscapes/6891/6891-20261009-093725.flac",0,3,"birdnetpi"
11639218455,"1791538618-11639218455",6891,"2026-10-09T11:36:58.000+02:00",0.74,0.491019994020462,8.34167331269431,"almost_certain","2p4",NA,51.5699,6.0017,FALSE,44,"Dunnock","Prunella modularis","#fea614","avian","https://media.birdweather.com/species/44/Dunnock-standard-a705d7131240cedd1c407b5a19989591.jpg","https://media.birdweather.com/species/44/Dunnock-thumbnail-1036624855b82c96db4ad23d1ed9d702.jpg","https://media.birdweather.com/species/44/Dunnock-png200-951bb2cdb9ec585716907d8eac83882e.png","lQgGDwB9pneQhHlwWjeK2ZK6d/kdFaUA",17953002780,"https://media.birdweather.com/soundscapes/6891/6891-20261009-093658.flac",0,3,"birdnetpi"
11639216534,"1791538612-11639216534",6891,"2026-10-09T11:36:52.000+02:00",0.77,0.491019994020462,8.43203572856907,"almost_certain","2p4",NA,51.5693,6.0037,FALSE,44,"Dunnock","Prunella modularis","#fea614","avian","https://media.birdweather.com/species/44/Dunnock-standard-a705d7131240cedd1c407b5a19989591.jpg","https://media.birdweather.com/species/44/Dunnock-thumbnail-1036624855b82c96db4ad23d1ed9d702.jpg","https://media.birdweather.com/species/44/Dunnock-png200-951bb2cdb9ec585716907d8eac83882e.png","lQgGDwB9pneQhHlwWjeK2ZK6d/kdFaUA",17952995141,"https://media.birdweather.com/soundscapes/6891/6891-20261009-093652.flac",0,3,"birdnetpi"
11639155333,"1791538090-11639155333",6891,"2026-10-09T11:28:10.000+02:00",0.85,0.954408407211304,9.54455030977262,"almost_certain","2p4",NA,51.564,6.0067,FALSE,6,"European Robin","Erithacus rubecula","#93d436","avian","https://media.birdweather.com/species/6/EuropeanRobin-standard-6802f21dc9c4b056c0c15b0a4ad01a9a.jpg","https://media.birdweather.com/species/6/EuropeanRobin-thumbnail-3afd51da2d7daf4db7f4ed43af30ed2d.jpg","https://media.birdweather.com/species/6/EuropeanRobin-png200-ac96bfc6bbb72a9e2528d5544937cebd.png","YxgKFwJnWYePd3iMd5h4Z4eHp6cMG8gA",17952744649,"https://media.birdweather.com/soundscapes/6891/6891-20261009-092810.flac",0,3,"birdnetpi"
11639111333,"1791537736-11639111333",6891,"2026-10-09T11:22:16.000+02:00",0.9,0.491019994020462,8.76658556447057,"almost_certain","2p4",NA,51.569,6.0024,FALSE,44,"Dunnock","Prunella modularis","#fea614","avian","https://media.birdweather.com/species/44/Dunnock-standard-a705d7131240cedd1c407b5a19989591.jpg","https://media.birdweather.com/species/44/Dunnock-thumbnail-1036624855b82c96db4ad23d1ed9d702.jpg","https://media.birdweather.com/species/44/Dunnock-png200-951bb2cdb9ec585716907d8eac83882e.png","lQgGDwB9pneQhHlwWjeK2ZK6d/kdFaUA",17952571427,"https://media.birdweather.com/soundscapes/6891/6891-20261009-092216.flac",0,3,"birdnetpi"
11639108387,"1791537712-11639108387",6891,"2026-10-09T11:21:52.000+02:00",0.97,0.491019994020462,8.91776240279191,"almost_certain","2p4",NA,51.5657,6.0087,FALSE,44,"Dunnock","Prunella modularis","#fea614","avian","https://media.birdweather.com/species/44/Dunnock-standard-a705d7131240cedd1c407b5a19989591.jpg","https://media.birdweather.com/species/44/Dunnock-thumbnail-1036624855b82c96db4ad23d1ed9d702.jpg","https://media.birdweather.com/species/44/Dunnock-png200-951bb2cdb9ec585716907d8eac83882e.png","lQgGDwB9pneQhHlwWjeK2ZK6d/kdFaUA",17952559787,"https://media.birdweather.com/soundscapes/6891/6891-20261009-092152.flac",0,3,"birdnetpi"
11638944751,"1791536412-11638944751",6891,"2026-10-09T11:00:12.000+02:00",0.79,0.992281138896942,9.43906862441842,"almost_certain","2p4",NA,51.5622,6.0053,FALSE,58,"Carrion Crow","Corvus corone","#01a85a","avian","https://media.birdweather.com/species/58/CarrionCrow-standard-ed24da07616d0cd7c5ef9cd2892ec869.jpg","https://media.birdweather.com/species/58/CarrionCrow-thumbnail-38cc6285bbd8f8340f32fa4dc3f58a69.jpg","https://media.birdweather.com/species/58/CarrionCrow-png200-5ec2904f61f6588853b296f54d8d0cb6.png","nggODwDDmZlqdoiPdLeIWIiYaK6A1gMK",17951924075,"https://media.birdweather.com/soundscapes/6891/6891-20261009-090012.flac",0,3,"birdnetpi"
11638940294,"1791536376-11638940294",6891,"2026-10-09T10:59:36.000+02:00",0.79,0.992281138896942,9.43906862441842,"almost_certain","2p4",NA,51.5673,6.0041,FALSE,58,"Carrion Crow","Corvus corone","#01a85a","avian","https://media.birdweather.com/species/58/CarrionCrow-standard-ed24da07616d0cd7c5ef9cd2892ec869.jpg","https://media.birdweather.com/species/58/CarrionCrow-thumbnail-38cc6285bbd8f8340f32fa4dc3f58a69.jpg","https://media.birdweather.com/species/58/CarrionCrow-png200-5ec2904f61f6588853b296f54d8d0cb6.png","nggODwDDmZlqdoiPdLeIWIiYaK6A1gMK",17951907137,"https://media.birdweather.com/soundscapes/6891/6891-20261009-085936.flac",0,3,"birdnetpi"
11638909582,"1791536146-11638909582",6891,"2026-10-09T10:55:46.000+02:00",0.76,0.992281138896942,9.35251352919692,"almost_certain","2p4",NA,51.5657,6.0093,FALSE,58,"Carrion Crow","Corvus corone","#01a85a","avian","https://media.birdweather.com/species/58/CarrionCrow-standard-ed24da07616d0cd7c5ef9cd2892ec869.jpg","https://media.birdweather.com/species/58/CarrionCrow-thumbnail-38cc6285bbd8f8340f32fa4dc3f58a69.jpg","https://media.birdweather.com/species/58/CarrionCrow-png200-5ec2904f61f6588853b296f54d8d0cb6.png","nggODwDDmZlqdoiPdLeIWIiYaK6A1gMK",17951794866,"https://media.birdweather.com/soundscapes/6891/6891-20261009-085546.flac",0,3,"birdnetpi"
11638900921,"1791536083-11638900921",6891,"2026-10-09T10:54:43.000+02:00",0.8,0.992281138896942,9.46674633344342,"almost_certain","2p4",NA,51.5674,6.0069,FALSE,58,"Carrion Crow","Corvus corone","#01a85a","avian","https://media.birdweather.com/species/58/CarrionCrow-standard-ed24da07616d0cd7c5ef9cd2892ec869.jpg","https://media.birdweather.com/species/58/CarrionCrow-thumbnail-38cc6285bbd8f8340f32fa4dc3f58a69.jpg","https://media.birdweather.com/species/58/CarrionCrow-png200-5ec2904f61f6588853b296f54d8d0cb6.png","nggODwDDmZlqdoiPdLeIWIiYaK6A1gMK",17951764492,"https://media.birdweather.com/soundscapes/6891/6891-20261009-085443.flac",0,3,"birdnetpi"
11638896620,"1791536058-11638896620",6891,"2026-10-09T10:54:18.000+02:00",0.76,0.992281138896942,9.35251352919692,"almost_certain","2p4",NA,51.563,6.0032,FALSE,58,"Carrion Crow","Corvus corone","#01a85a","avian","https://media.birdweather.com/species/58/CarrionCrow-standard-ed24da07616d0cd7c5ef9cd2892ec869.jpg","https://media.birdweather.com/species/58/CarrionCrow-thumbnail-38cc6285bbd8f8340f32fa4dc3f58a69.jpg","https://media.birdweather.com/species/58/CarrionCrow-png200-5ec2904f61f6588853b296f54d8d0cb6.png","nggODwDDmZlqdoiPdLeIWIiYaK6A1gMK",17951749354,"https://media.birdweather.com/soundscapes/6891/6891-20261009-085418.flac",0,3,"birdnetpi"
11638850762,"1791535720-11638850762",6891,"2026-10-09T10:48:40.000+02:00",0.71,0.992281138896942,9.19486854739177,"almost_certain","2p4",NA,51.5621,6.0045,FALSE,58,"Carrion Crow","Corvus corone","#01a85a","avian","https://media.birdweather.com/species/58/CarrionCrow-standard-ed24da07616d0cd7c5ef9cd2892ec869.jpg","https://media.birdweather.com/species/58/CarrionCrow-thumbnail-38cc6285bbd8f8340f32fa4dc3f58a69.jpg","https://media.birdweather.com/species/58/CarrionCrow-png200-5ec2904f61f6588853b296f54d8d0cb6.png","nggODwDDmZlqdoiPdLeIWIiYaK6A1gMK",17951586247,"https://media.birdweather.com/soundscapes/6891/6891-20261009-084840.flac",0,3,"birdnetpi"
11638743561,"1791534954-11638743561",6891,"2026-10-09T10:35:54.000+02:00",0.72,0.992281138896942,9.22788219305508,"almost_certain","2p4",NA,51.5681,6.0081,FALSE,58,"Carrion Crow","Corvus corone","#01a85a","avian","https://media.birdweather.com/species/58/CarrionCrow-standard-ed24da07616d0cd7c5ef9cd2892ec869.jpg","https://media.birdweather.com/species/58/CarrionCrow-thumbnail-38cc6285bbd8f8340f32fa4dc3f58a69.jpg","https://media.birdweather.com/species/58/CarrionCrow-png200-5ec2904f61f6588853b296f54d8d0cb6.png","nggODwDDmZlqdoiPdLeIWIiYaK6A1gMK",17951210218,"https://media.birdweather.com/soundscapes/6891/6891-20261009-083554.flac",0,3,"birdnetpi"
11638735179,"1791534907-11638735179",6891,"2026-10-09T10:35:07.000+02:00",0.79,0.992281138896942,9.43906862441842,"almost_certain","2p4",NA,51.5642,6.0008,FALSE,58,"Carrion Crow","Corvus corone","#01a85a","avian","https://media.birdweather.com/species/58/CarrionCrow-standard-ed24da07616d0cd7c5ef9cd2892ec869.jpg","https://media.birdweather.com/species/58/CarrionCrow-thumbnail-38cc6285bbd8f8340f32fa4dc3f58a69.jpg","https://media.birdweather.com/species/58/CarrionCrow-png200-5ec2904f61f6588853b296f54d8d0cb6.png","nggODwDDmZlqdoiPdLeIWIiYaK6A1gMK",17951181808,"https://media.birdweather.com/soundscapes/6891/6891-20261009-083507.flac",0,3,"birdnetpi"
11638404220,"1791532722-11638404220",6891,"2026-10-09T09:58:42.000+02:00",0.81,0.491019994020462,8.54393463105862,"almost_certain","2p4",NA,51.5651,6.0085,FALSE,44,"Dunnock","Prunella modularis","#fea614","avian","https://media.birdweather.com/species/44/Dunnock-standard-a705d7131240cedd1c407b5a19989591.jpg","https://media.birdweather.com/species/44/Dunnock-thumbnail-1036624855b82c96db4ad23d1ed9d702.jpg","https://media.birdweather.com/species/44/Dunnock-png200-951bb2cdb9ec585716907d8eac83882e.png","lQgGDwB9pneQhHlwWjeK2ZK6d/kdFaUA",17950112183,"https://media.birdweather.com/soundscapes/6891/6891-20261009-075842.flac",0,3,"birdnetpi"
11638300269,"1791532066-11638300269",6891,"2026-10-09T09:47:46.000+02:00",0.9,0.741779923439026,9.32252830058762,"almost_certain","2p4",NA,51.5651,6.006,FALSE,18,"Eurasian Jay","Garrulus glandarius","#a0d744","avian","https://media.birdweather.com/species/18/EurasianJay-standard-3cd5403b683fc176f7690defb189aa79.jpg","https://media.birdweather.com/species/18/EurasianJay-thumbnail-c77a71fdd86361404b9cf9b9338e8df6.jpg","https://media.birdweather.com/species/18/EurasianJay-png200-0a033554afbc5f41c648dfbe092f89fa.png","l/gFDwJLV5h2pYhQqWiqdoiHiA5sCIQA",17949787807,"https://media.birdweather.com/soundscapes/6891/6891-20261009-074746.flac",0,3,"birdnetpi"
11638295501,"1791532038-11638295501",6891,"2026-10-09T09:47:18.000+02:00",0.76,0.741779923439026,8.9585149635334,"almost_certain","2p4",NA,51.5691,6.0009,FALSE,18,"Eurasian Jay","Garrulus glandarius","#a0d744","avian","https://media.birdweather.com/species/18/EurasianJay-standard-3cd5403b683fc176f7690defb189aa79.jpg","https://media.birdweather.com/species/18/EurasianJay-thumbnail-c77a71fdd86361404b9cf9b9338e8df6.jpg","https://media.birdweather.com/species/18/EurasianJay-png200-0a033554afbc5f41c648dfbe092f89fa.png","l/gFDwJLV5h2pYhQqWiqdoiHiA5sCIQA",17949773533,"https://media.birdweather.com/soundscapes/6891/6891-20261009-074718.flac",0,3,"birdnetpi"
11638234791,"1791531660-11638234791",6891,"2026-10-09T09:41:00.000+02:00",0.92,0.741779923439026,9.36745035785511,"almost_certain","2p4",NA,51.5676,6.0089,FALSE,18,"Eurasian Jay","Garrulus glandarius","#a0d744","avian","https://media.birdweather.com/species/18/EurasianJay-standard-3cd5403b683fc176f7690defb189aa79.jpg","https://media.birdweather.com/species/18/EurasianJay-thumbnail-c77a71fdd86361404b9cf9b9338e8df6.jpg","https://media.birdweather.com/species/18/EurasianJay-png200-0a033554afbc5f41c648dfbe092f89fa.png","l/gFDwJLV5h2pYhQqWiqdoiHiA5sCIQA",17949585769,"https://media.birdweather.com/soundscapes/6891/6891-20261009-074100.flac",0,3,"birdnetpi"
11638116623,"1791530942-11638116623",6891,"2026-10-09T09:29:02.000+02:00",0.87,0.943003535270691,9.57718621967707,"almost_certain","2p4",NA,51.5648,6.0028,FALSE,11,"Great Tit","Parus major","#7a41c7","avian","https://media.birdweather.com/species/11/GreatTit-standard-0058e4dcd148acb2e0cb8a7b7c6ad3b2.jpg","https://media.birdweather.com/species/11/GreatTit-thumbnail-6910d0adae4550c5e6f2396322ee64c4.jpg","https://media.birdweather.com/species/11/GreatTit-png200-9f3394faf07d12f615112c10cb9d7f02.png","ImkCDwTFxox9pZloaIaeZLsJp9r1yG4P",17949230151,"https://media.birdweather.com/soundscapes/6891/6891-20261009-072902.flac",0,3,"birdnetpi"
11638115687,"1791530936-11638115687",6891,"2026-10-09T09:28:56.000+02:00",0.71,0.932512581348419,9.11063471130543,"almost_certain","2p4",NA,51.5616,6.009,FALSE,66,"Eurasian Blue Tit","Cyanistes caeruleus","#4b8900","avian","https://media.birdweather.com/species/66/EurasianBlueTit-standard-4ec8e45d78b2908d0f41ae495ae07571.jpg","https://media.birdweather.com/species/66/EurasianBlueTit-thumbnail-4d9abc54a3abc3fb12e78e603cbe6784.jpg","https://media.birdweather.com/species/66/EurasianBlueTit-png200-49adab92304ba7a74e93ac43e38e62d3.png","EfgJBwAKhHiEm2ZheGllqXeZhi/ze3EP",17949227157,"https://media.birdweather.com/soundscapes/6891/6891-20261009-072856.flac",0,3,"birdnetpi"
11638111103,"1791530909-11638111103",6891,"2026-10-09T09:28:29.000+02:00",0.84,0.943003535270691,9.5031141265368,"almost_certain","2p4",NA,51.5636,6.005,FALSE,11,"Great Tit","Parus major","#7a41c7","avian","https://media.birdweather.com/species/11/GreatTit-standard-0058e4dcd148acb2e0cb8a7b7c6ad3b2.jpg","https://media.birdweather.com/species/11/GreatTit-thumbnail-6910d0adae4550c5e6f2396322ee64c4.jpg","https://media.birdweather.com/species/11/GreatTit-png200-9f3394faf07d12f615112c10cb9d7f02.png","ImkCDwTFxox9pZloaIaeZLsJp9r1yG4P",17949213787,"https://media.birdweather.com/soundscapes/6891/6891-20261009-072829.flac",0,3,"birdnetpi"
11638106317,"1791530880-11638106317",6891,"2026-10-09T09:28:00.000+02:00",0.74,0.943003535270691,9.22254578121176,"almost_certain","2p4",NA,51.5669,6.0057,FALSE,11,"Great Tit","Parus major","#7a41c7","avian","https://media.birdweather.com/species/11/GreatTit-standard-0058e4dcd148acb2e0cb8a7b7c6ad3b2.jpg","https://media.birdweather.com/species/11/GreatTit-thumbnail-6910d0adae4550c5e6f2396322ee64c4.jpg","https://media.birdweather.com/species/11/GreatTit-png200-9f3394faf07d12f615112c10cb9d7f02.png","ImkCDwTFxox9pZloaIaeZLsJp9r1yG4P",17949199509,"https://media.birdweather.com/soundscapes/6891/6891-20261009-072800.flac",0,3,"birdnetpi"
11638077964,"1791530719-11638077964",6891,"2026-10-09T09:25:19.000+02:00",0.94,0.943003535270691,9.73587580694649,"almost_certain","2p4",NA,51.5697,6.0088,FALSE,11,"Great Tit","Parus major","#7a41c7","avian","https://media.birdweather.com/species/11/GreatTit-standard-0058e4dcd148acb2e0cb8a7b7c6ad3b2.jpg","https://media.birdweather.com/species/11/GreatTit-thumbnail-6910d0adae4550c5e6f2396322ee64c4.jpg","https://media.birdweather.com/species/11/GreatTit-png200-9f3394faf07d12f615112c10cb9d7f02.png","ImkCDwTFxox9pZloaIaeZLsJp9r1yG4P",17949115630,"https://media.birdweather.com/soundscapes/6891/6891-20261009-072519.flac",0,3,"birdnetpi"
11638074652,"1791530700-11638074652",6891,"2026-10-09T09:25:00.000+02:00",0.93,0.943003535270691,9.71430055790014,"almost_certain","2p4",NA,51.5627,6.0051,FALSE,11,"Great Tit","Parus major","#7a41c7","avian","https://media.birdweather.com/species/11/GreatTit-standard-0058e4dcd148acb2e0cb8a7b7c6ad3b2.jpg","https://media.birdweather.com/species/11/GreatTit-thumbnail-6910d0adae4550c5e6f2396322ee64c4.jpg","https://media.birdweather.com/species/11/GreatTit-png200-9f3394faf07d12f615112c10cb9d7f02.png","ImkCDwTFxox9pZloaIaeZLsJp9r1yG4P",17949105230,"https://media.birdweather.com/soundscapes/6891/6891-20261009-072500.flac",0,3,"birdnetpi"
11638074643,"1791530691-11638074643",6891,"2026-10-09T09:24:51.000+02:00",0.75,0.322634667158127,7.81130745873849,"almost_certain","2p4",NA,51.5688,6.0043,FALSE,2,"Short-toed Treecreeper","Certhia brachydactyla","#66dd57","avian","https://media.birdweather.com/species/2/Short-toedTreecreeper-standard-7bbb76fb215629d251262575c97eb338.jpg","https://media.birdweather.com/species/2/Short-toedTreecreeper-thumbnail-fab8f3fcc7962cfbf3bdbde5dc2a415d.jpg","https://media.birdweather.com/species/2/Short-toedTreecreeper-png200-9ed36805c2a6923b35a860f2814cdd8c.png","IRkGHwS/1aqJXad3ialWmph5+Yx4z3gI",17949105181,"https://media.birdweather.com/soundscapes/6891/6891-20261009-072451.flac",0,3,"birdnetpi"
11638071862,"1791530673-11638071862",6891,"2026-10-09T09:24:33.000+02:00",0.93,0.322634667158127,8.27227442290955,"almost_certain","2p4",NA,51.5616,6.0063,FALSE,2,"Short-toed Treecreeper","Certhia brachydactyla","#66dd57","avian","https://media.birdweather.com/species/2/Short-toedTreecreeper-standard-7bbb76fb215629d251262575c97eb338.jpg","https://media.birdweather.com/species/2/Short-toedTreecreeper-thumbnail-fab8f3fcc7962cfbf3bdbde5dc2a415d.jpg","https://media.birdweather.com/species/2/Short-toedTreecreeper-png200-9ed36805c2a6923b35a860f2814cdd8c.png","IRkGHwS/1aqJXad3ialWmph5+Yx4z3gI",17949096816,"https://media.birdweather.com/soundscapes/6891/6891-20261009-072433.flac",0,3,"birdnetpi"
11638070154,"1791530666-11638070154",6891,"2026-10-09T09:24:26.000+02:00",0.98,0.943003535270691,9.81893153883501,"almost_certain","2p4",NA,51.5618,6.0057,FALSE,11,"Great Tit","Parus major","#7a41c7","avian","https://media.birdweather.com/species/11/GreatTit-standard-0058e4dcd148acb2e0cb8a7b7c6ad3b2.jpg","https://media.birdweather.com/species/11/GreatTit-thumbnail-6910d0adae4550c5e6f2396322ee64c4.jpg","https://media.birdweather.com/species/11/GreatTit-png200-9f3394faf07d12f615112c10cb9d7f02.png","ImkCDwTFxox9pZloaIaeZLsJp9r1yG4P",17949091771,"https://media.birdweather.com/soundscapes/6891/6891-20261009-072426.flac",0,3,"birdnetpi"
11638069817,"1791530661-11638069817",6891,"2026-10-09T09:24:21.000+02:00",0.7,0.932512581348419,9.07680583205662,"almost_certain","2p4",NA,51.5623,6.0072,FALSE,66,"Eurasian Blue Tit","Cyanistes caeruleus","#4b8900","avian","https://media.birdweather.com/species/66/EurasianBlueTit-standard-4ec8e45d78b2908d0f41ae495ae07571.jpg","https://media.birdweather.com/species/66/EurasianBlueTit-thumbnail-4d9abc54a3abc3fb12e78e603cbe6784.jpg","https://media.birdweather.com/species/66/EurasianBlueTit-png200-49adab92304ba7a74e93ac43e38e62d3.png","EfgJBwAKhHiEm2ZheGllqXeZhi/ze3EP",17949090802,"https://media.birdweather.com/soundscapes/6891/6891-20261009-072421.flac",0,3,"birdnetpi"
11638064844,"1791530642-11638064844",6891,"2026-10-09T09:24:02.000+02:00",0.72,0.932512581348419,9.14364835696874,"almost_certain","2p4",NA,51.5659,6.007,FALSE,66,"Eurasian Blue Tit","Cyanistes caeruleus","#4b8900","avian","https://media.birdweather.com/species/66/EurasianBlueTit-standard-4ec8e45d78b2908d0f41ae495ae07571.jpg","https://media.birdweather.com/species/66/EurasianBlueTit-thumbnail-4d9abc54a3abc3fb12e78e603cbe6784.jpg","https://media.birdweather.com/species/66/EurasianBlueTit-png200-49adab92304ba7a74e93ac43e38e62d3.png","EfgJBwAKhHiEm2ZheGllqXeZhi/ze3EP",17949075956,"https://media.birdweather.com/soundscapes/6891/6891-20261009-072402.flac",0,3,"birdnetpi"
11638058205,"1791530592-11638058205",6891,"2026-10-09T09:23:12.000+02:00",0.95,0.943003535270691,9.75711654250076,"almost_certain","2p4",NA,51.5703,6.0008,FALSE,11,"Great Tit","Parus major","#7a41c7","avian","https://media.birdweather.com/species/11/GreatTit-standard-0058e4dcd148acb2e0cb8a7b7c6ad3b2.jpg","https://media.birdweather.com/species/11/GreatTit-thumbnail-6910d0adae4550c5e6f2396322ee64c4.jpg","https://media.birdweather.com/species/11/GreatTit-png200-9f3394faf07d12f615112c10cb9d7f02.png","ImkCDwTFxox9pZloaIaeZLsJp9r1yG4P",17949056591,"https://media.birdweather.com/soundscapes/6891/6891-20261009-072312.flac",0,3,"birdnetpi"
11638056629,"1791530582-11638056629",6891,"2026-10-09T09:23:02.000+02:00",0.77,0.932512581348419,9.29774319426331,"almost_certain","2p4",NA,51.5656,6.002,FALSE,66,"Eurasian Blue Tit","Cyanistes caeruleus","#4b8900","avian","https://media.birdweather.com/species/66/EurasianBlueTit-standard-4ec8e45d78b2908d0f41ae495ae07571.jpg","https://media.birdweather.com/species/66/EurasianBlueTit-thumbnail-4d9abc54a3abc3fb12e78e603cbe6784.jpg","https://media.birdweather.com/species/66/EurasianBlueTit-png200-49adab92304ba7a74e93ac43e38e62d3.png","EfgJBwAKhHiEm2ZheGllqXeZhi/ze3EP",17949051730,"https://media.birdweather.com/soundscapes/6891/6891-20261009-072302.flac",0,3,"birdnetpi"
11638051094,"1791530550-11638051094",6891,"2026-10-09T09:22:30.000+02:00",0.94,0.943003535270691,9.73587580694649,"almost_certain","2p4",NA,51.5692,6.0013,FALSE,11,"Great Tit","Parus major","#7a41c7","avian","https://media.birdweather.com/species/11/GreatTit-standard-0058e4dcd148acb2e0cb8a7b7c6ad3b2.jpg","https://media.birdweather.com/species/11/GreatTit-thumbnail-6910d0adae4550c5e6f2396322ee64c4.jpg","https://media.birdweather.com/species/11/GreatTit-png200-9f3394faf07d12f615112c10cb9d7f02.png","ImkCDwTFxox9pZloaIaeZLsJp9r1yG4P",17949035821,"https://media.birdweather.com/soundscapes/6891/6891-20261009-072230.flac",0,3,"birdnetpi"
11638046462,"1791530525-11638046462",6891,"2026-10-09T09:22:05.000+02:00",0.9,0.491019994020462,8.76658556447057,"almost_certain","2p4",NA,51.5703,6.0024,FALSE,44,"Dunnock","Prunella modularis","#fea614","avian","https://media.birdweather.com/species/44/Dunnock-standard-a705d7131240cedd1c407b5a19989591.jpg","https://media.birdweather.com/species/44/Dunnock-thumbnail-1036624855b82c96db4ad23d1ed9d702.jpg","https://media.birdweather.com/species/44/Dunnock-png200-951bb2cdb9ec585716907d8eac83882e.png","lQgGDwB9pneQhHlwWjeK2ZK6d/kdFaUA",17949022415,"https://media.birdweather.com/soundscapes/6891/6891-20261009-072205.flac",0,3,"birdnetpi"
11638045708,"1791530518-11638045708",6891,"2026-10-09T09:21:58.000+02:00",0.79,0.943003535270691,9.3699997911553,"almost_certain","2p4",NA,51.5665,6.0048,FALSE,11,"Great Tit","Parus major","#7a41c7","avian","https://media.birdweather.com/species/11/GreatTit-standard-0058e4dcd148acb2e0cb8a7b7c6ad3b2.jpg","https://media.birdweather.com/species/11/GreatTit-thumbnail-6910d0adae4550c5e6f2396322ee64c4.jpg","https://media.birdweather.com/species/11/GreatTit-png200-9f3394faf07d12f615112c10cb9d7f02.png","ImkCDwTFxox9pZloaIaeZLsJp9r1yG4P",17949020466,"https://media.birdweather.com/soundscapes/6891/6891-20261009-072158.flac",0,3,"birdnetpi"
11638031947,"1791530437-11638031947",6891,"2026-10-09T09:20:37.000+02:00",0.91,0.943003535270691,9.67010317666118,"almost_certain","2p4",NA,51.5666,6.0088,FALSE,11,"Great Tit","Parus major","#7a41c7","avian","https://media.birdweather.com/species/11/GreatTit-standard-0058e4dcd148acb2e0cb8a7b7c6ad3b2.jpg","https://media.birdweather.com/species/11/GreatTit-thumbnail-6910d0adae4550c5e6f2396322ee64c4.jpg","https://media.birdweather.com/species/11/GreatTit-png200-9f3394faf07d12f615112c10cb9d7f02.png","ImkCDwTFxox9pZloaIaeZLsJp9r1yG4P",17948980189,"https://media.birdweather.com/soundscapes/6891/6891-20261009-072037.flac",0,3,"birdnetpi"
11638030545,"1791530429-11638030545",6891,"2026-10-09T09:20:29.000+02:00",0.87,0.322634667158127,8.13516008468648,"almost_certain","2p4",NA,51.5617,6.0062,FALSE,2,"Short-toed Treecreeper","Certhia brachydactyla","#66dd57","avian","https://media.birdweather.com/species/2/Short-toedTreecreeper-standard-7bbb76fb215629d251262575c97eb338.jpg","https://media.birdweather.com/species/2/Short-toedTreecreeper-thumbnail-fab8f3fcc7962cfbf3bdbde5dc2a415d.jpg","https://media.birdweather.com/species/2/Short-toedTreecreeper-png200-9ed36805c2a6923b35a860f2814cdd8c.png","IRkGHwS/1aqJXad3ialWmph5+Yx4z3gI",17948975859,"https://media.birdweather.com/soundscapes/6891/6891-20261009-072029.flac",0,3,"birdnetpi"
11637987851,"1791530172-11637987851",6891,"2026-10-09T09:16:12.000+02:00",0.9,0.943003535270691,9.64745803298802,"almost_certain","2p4",NA,51.5685,6.0036,FALSE,11,"Great Tit","Parus major","#7a41c7","avian","https://media.birdweather.com/species/11/GreatTit-standard-0058e4dcd148acb2e0cb8a7b7c6ad3b2.jpg","https://media.birdweather.com/species/11/GreatTit-thumbnail-6910d0adae4550c5e6f2396322ee64c4.jpg","https://media.birdweather.com/species/11/GreatTit-png200-9f3394faf07d12f615112c10cb9d7f02.png","ImkCDwTFxox9pZloaIaeZLsJp9r1yG4P",17948847649,"https://media.birdweather.com/soundscapes/6891/6891-20261009-071612.flac",0,3,"birdnetpi"
11637984879,"1791530153-11637984879",6891,"2026-10-09T09:15:53.000+02:00",0.95,0.876405358314514,9.65786791689685,"almost_certain","2p4",NA,51.5687,6.005,FALSE,25,"Common Chaffinch","Fringilla coelebs","#fb7eff","avian","https://media.birdweather.com/species/25/CommonChaffinch-standard-d8edb223d1ec828ee0cda788e8f5f209.jpg","https://media.birdweather.com/species/25/CommonChaffinch-thumbnail-7ba0a46bb0cd7efdb3215242f9528140.jpg","https://media.birdweather.com/species/25/CommonChaffinch-png200-ced617224ab07c316109e2d0e9078f2e.png","WfgJDwKGhIbAbHimmnhluHh2tv25ZoAD",17948838716,"https://media.birdweather.com/soundscapes/6891/6891-20261009-071553.flac",0,3,"birdnetpi"
11637979379,"1791530121-11637979379",6891,"2026-10-09T09:15:21.000+02:00",0.81,0.876405358314514,9.32555847397215,"almost_certain","2p4",NA,51.5643,6.0023,FALSE,25,"Common Chaffinch","Fringilla coelebs","#fb7eff","avian","https://media.birdweather.com/species/25/CommonChaffinch-standard-d8edb223d1ec828ee0cda788e8f5f209.jpg","https://media.birdweather.com/species/25/CommonChaffinch-thumbnail-7ba0a46bb0cd7efdb3215242f9528140.jpg","https://media.birdweather.com/species/25/CommonChaffinch-png200-ced617224ab07c316109e2d0e9078f2e.png","WfgJDwKGhIbAbHimmnhluHh2tv25ZoAD",17948822311,"https://media.birdweather.com/soundscapes/6891/6891-20261009-071521.flac",0,3,"birdnetpi"
11637976405,"1791530103-11637976405",6891,"2026-10-09T09:15:03.000+02:00",0.95,0.876405358314514,9.65786791689685,"almost_certain","2p4",NA,51.5619,6.0021,FALSE,25,"Common Chaffinch","Fringilla coelebs","#fb7eff","avian","https://media.birdweather.com/species/25/CommonChaffinch-standard-d8edb223d1ec828ee0cda788e8f5f209.jpg","https://media.birdweather.com/species/25/CommonChaffinch-thumbnail-7ba0a46bb0cd7efdb3215242f9528140.jpg","https://media.birdweather.com/species/25/CommonChaffinch-png200-ced617224ab07c316109e2d0e9078f2e.png","WfgJDwKGhIbAbHimmnhluHh2tv25ZoAD",17948813285,"https://media.birdweather.com/soundscapes/6891/6891-20261009-071503.flac",0,3,"birdnetpi"
11637976147,"1791530100-11637976147",6891,"2026-10-09T09:15:00.000+02:00",0.77,0.943003535270691,9.31290819708652,"almost_certain","2p4",NA,51.5616,6.0013,FALSE,11,"Great Tit","Parus major","#7a41c7","avian","https://media.birdweather.com/species/11/GreatTit-standard-0058e4dcd148acb2e0cb8a7b7c6ad3b2.jpg","https://media.birdweather.com/species/11/GreatTit-thumbnail-6910d0adae4550c5e6f2396322ee64c4.jpg","https://media.birdweather.com/species/11/GreatTit-png200-9f3394faf07d12f615112c10cb9d7f02.png","ImkCDwTFxox9pZloaIaeZLsJp9r1yG4P",17948812367,"https://media.birdweather.com/soundscapes/6891/6891-20261009-071500.flac",0,3,"birdnetpi"
11637972991,"1791530091-11637972991",6891,"2026-10-09T09:14:51.000+02:00",0.85,0.20022252202034,7.45756318610646,"almost_certain","2p4",NA,51.5669,6.0063,FALSE,84,"Marsh Tit","Poecile palustris","#f82b58","avian","https://media.birdweather.com/species/84/MarshTit-standard-178f6d798ca9ac090a26e71e2ed77d7e.jpg","https://media.birdweather.com/species/84/MarshTit-thumbnail-dd71d29956761582f3a61a5171d14e35.jpg","https://media.birdweather.com/species/84/MarshTit-png200-9d2884367472f82bb821174fc789e659.png","WikGDwBXl6yJh4hAurh4t1loBauIsIkL",17948803060,"https://media.birdweather.com/soundscapes/6891/6891-20261009-071451.flac",0,3,"birdnetpi"
11637990784,"1791530073-11637990784",6891,"2026-10-09T09:14:33.000+02:00",0.97,0.943003535270691,9.79863487130936,"almost_certain","2p4",NA,51.5685,6.0052,FALSE,11,"Great Tit","Parus major","#7a41c7","avian","https://media.birdweather.com/species/11/GreatTit-standard-0058e4dcd148acb2e0cb8a7b7c6ad3b2.jpg","https://media.birdweather.com/species/11/GreatTit-thumbnail-6910d0adae4550c5e6f2396322ee64c4.jpg","https://media.birdweather.com/species/11/GreatTit-png200-9f3394faf07d12f615112c10cb9d7f02.png","ImkCDwTFxox9pZloaIaeZLsJp9r1yG4P",17948856090,"https://media.birdweather.com/soundscapes/6891/6891-20261009-071433.flac",0,3,"birdnetpi"
11637966113,"1791530040-11637966113",6891,"2026-10-09T09:14:00.000+02:00",0.93,0.943003535270691,9.71430055790014,"almost_certain","2p4",NA,51.5675,6.0006,FALSE,11,"Great Tit","Parus major","#7a41c7","avian","https://media.birdweather.com/species/11/GreatTit-standard-0058e4dcd148acb2e0cb8a7b7c6ad3b2.jpg","https://media.birdweather.com/species/11/GreatTit-thumbnail-6910d0adae4550c5e6f2396322ee64c4.jpg","https://media.birdweather.com/species/11/GreatTit-png200-9f3394faf07d12f615112c10cb9d7f02.png","ImkCDwTFxox9pZloaIaeZLsJp9r1yG4P",17948782530,"https://media.birdweather.com/soundscapes/6891/6891-20261009-071400.flac",0,3,"birdnetpi"
11637963141,"1791530022-11637963141",6891,"2026-10-09T09:13:42.000+02:00",0.72,0.943003535270691,9.15881335979195,"almost_certain","2p4",NA,51.5637,6.0064,FALSE,11,"Great Tit","Parus major","#7a41c7","avian","https://media.birdweather.com/species/11/GreatTit-standard-0058e4dcd148acb2e0cb8a7b7c6ad3b2.jpg","https://media.birdweather.com/species/11/GreatTit-thumbnail-6910d0adae4550c5e6f2396322ee64c4.jpg","https://media.birdweather.com/species/11/GreatTit-png200-9f3394faf07d12f615112c10cb9d7f02.png","ImkCDwTFxox9pZloaIaeZLsJp9r1yG4P",17948773681,"https://media.birdweather.com/soundscapes/6891/6891-20261009-071342.flac",0,3,"birdnetpi"
11637922069,"1791529778-11637922069",6891,"2026-10-09T09:09:38.000+02:00",0.81,0.876405358314514,9.32555847397215,"almost_certain","2p4",NA,51.5617,6.0092,FALSE,25,"Common Chaffinch","Fringilla coelebs","#fb7eff","avian","https://media.birdweather.com/species/25/CommonChaffinch-standard-d8edb223d1ec828ee0cda788e8f5f209.jpg","https://media.birdweather.com/species/25/CommonChaffinch-thumbnail-7ba0a46bb0cd7efdb3215242f9528140.jpg","https://media.birdweather.com/species/25/CommonChaffinch-png200-ced617224ab07c316109e2d0e9078f2e.png","WfgJDwKGhIbAbHimmnhluHh2tv25ZoAD",17948652679,"https://media.birdweather.com/soundscapes/6891/6891-20261009-070938.flac",0,3,"birdnetpi"
11637908990,"1791529700-11637908990",6891,"2026-10-09T09:08:20.000+02:00",0.86,0.876405358314514,9.45368917344698,"almost_certain","2p4",NA,51.5684,6.0052,FALSE,25,"Common Chaffinch","Fringilla coelebs","#fb7eff","avian","https://media.birdweather.com/species/25/CommonChaffinch-standard-d8edb223d1ec828ee0cda788e8f5f209.jpg","https://media.birdweather.com/species/25/CommonChaffinch-thumbnail-7ba0a46bb0cd7efdb3215242f9528140.jpg","https://media.birdweather.com/species/25/CommonChaffinch-png200-ced617224ab07c316109e2d0e9078f2e.png","WfgJDwKGhIbAbHimmnhluHh2tv25ZoAD",17948613859,"https://media.birdweather.com/soundscapes/6891/6891-20261009-070820.flac",0,3,"birdnetpi"
11637906924,"1791529695-11637906924",6891,"2026-10-09T09:08:15.000+02:00",0.99,0.943003535270691,9.83893189404199,"almost_certain","2p4",NA,51.5617,6.0072,FALSE,11,"Great Tit","Parus major","#7a41c7","avian","https://media.birdweather.com/species/11/GreatTit-standard-0058e4dcd148acb2e0cb8a7b7c6ad3b2.jpg","https://media.birdweather.com/species/11/GreatTit-thumbnail-6910d0adae4550c5e6f2396322ee64c4.jpg","https://media.birdweather.com/species/11/GreatTit-png200-9f3394faf07d12f615112c10cb9d7f02.png","ImkCDwTFxox9pZloaIaeZLsJp9r1yG4P",17948607907,"https://media.birdweather.com/soundscapes/6891/6891-20261009-070815.flac",0,3,"birdnetpi"
11637904014,"1791529671-11637904014",6891,"2026-10-09T09:07:51.000+02:00",0.77,0.322634667158127,7.87088206209593,"almost_certain","2p4",NA,51.5654,6.004,FALSE,2,"Short-toed Treecreeper","Certhia brachydactyla","#66dd57","avian","https://media.birdweather.com/species/2/Short-toedTreecreeper-standard-7bbb76fb215629d251262575c97eb338.jpg","https://media.birdweather.com/species/2/Short-toedTreecreeper-thumbnail-fab8f3fcc7962cfbf3bdbde5dc2a415d.jpg","https://media.birdweather.com/species/2/Short-toedTreecreeper-png200-9ed36805c2a6923b35a860f2814cdd8c.png","IRkGHwS/1aqJXad3ialWmph5+Yx4z3gI",17948599512,"https://media.birdweather.com/soundscapes/6891/6891-20261009-070751.flac",0,3,"birdnetpi"
11637899826,"1791529645-11637899826",6891,"2026-10-09T09:07:25.000+02:00",0.79,0.943003535270691,9.3699997911553,"almost_certain","2p4",NA,51.5665,6.007,FALSE,11,"Great Tit","Parus major","#7a41c7","avian","https://media.birdweather.com/species/11/GreatTit-standard-0058e4dcd148acb2e0cb8a7b7c6ad3b2.jpg","https://media.birdweather.com/species/11/GreatTit-thumbnail-6910d0adae4550c5e6f2396322ee64c4.jpg","https://media.birdweather.com/species/11/GreatTit-png200-9f3394faf07d12f615112c10cb9d7f02.png","ImkCDwTFxox9pZloaIaeZLsJp9r1yG4P",17948587147,"https://media.birdweather.com/soundscapes/6891/6891-20261009-070725.flac",0,3,"birdnetpi"
11637852561,"1791529373-11637852561",6891,"2026-10-09T09:02:53.000+02:00",0.77,0.322634667158127,7.87088206209593,"almost_certain","2p4",NA,51.5693,6.0053,FALSE,2,"Short-toed Treecreeper","Certhia brachydactyla","#66dd57","avian","https://media.birdweather.com/species/2/Short-toedTreecreeper-standard-7bbb76fb215629d251262575c97eb338.jpg","https://media.birdweather.com/species/2/Short-toedTreecreeper-thumbnail-fab8f3fcc7962cfbf3bdbde5dc2a415d.jpg","https://media.birdweather.com/species/2/Short-toedTreecreeper-png200-9ed36805c2a6923b35a860f2814cdd8c.png","IRkGHwS/1aqJXad3ialWmph5+Yx4z3gI",17948450396,"https://media.birdweather.com/soundscapes/6891/6891-20261009-070253.flac",0,3,"birdnetpi"
11637805683,"1791529098-11637805683",6891,"2026-10-09T08:58:18.000+02:00",0.79,0.932512581348419,9.35483478833209,"almost_certain","2p4",NA,51.5628,6.0009,FALSE,66,"Eurasian Blue Tit","Cyanistes caeruleus","#4b8900","avian","https://media.birdweather.com/species/66/EurasianBlueTit-standard-4ec8e45d78b2908d0f41ae495ae07571.jpg","https://media.birdweather.com/species/66/EurasianBlueTit-thumbnail-4d9abc54a3abc3fb12e78e603cbe6784.jpg","https://media.birdweather.com/species/66/EurasianBlueTit-png200-49adab92304ba7a74e93ac43e38e62d3.png","EfgJBwAKhHiEm2ZheGllqXeZhi/ze3EP",17948314741,"https://media.birdweather.com/soundscapes/6891/6891-20261009-065818.flac",0,3,"birdnetpi"
11637793312,"1791529032-11637793312",6891,"2026-10-09T08:57:12.000+02:00",0.95,0.20022252202034,7.68642728209499,"almost_certain","2p4",NA,51.5663,6.0038,FALSE,84,"Marsh Tit","Poecile palustris","#f82b58","avian","https://media.birdweather.com/species/84/MarshTit-standard-178f6d798ca9ac090a26e71e2ed77d7e.jpg","https://media.birdweather.com/species/84/MarshTit-thumbnail-dd71d29956761582f3a61a5171d14e35.jpg","https://media.birdweather.com/species/84/MarshTit-png200-9d2884367472f82bb821174fc789e659.png","WikGDwBXl6yJh4hAurh4t1loBauIsIkL",17948278484,"https://media.birdweather.com/soundscapes/6891/6891-20261009-065712.flac",0,3,"birdnetpi"
11637788440,"1791529002-11637788440",6891,"2026-10-09T08:56:42.000+02:00",0.9,0.876405358314514,9.5482094073841,"almost_certain","2p4",NA,51.5635,6.0086,FALSE,25,"Common Chaffinch","Fringilla coelebs","#fb7eff","avian","https://media.birdweather.com/species/25/CommonChaffinch-standard-d8edb223d1ec828ee0cda788e8f5f209.jpg","https://media.birdweather.com/species/25/CommonChaffinch-thumbnail-7ba0a46bb0cd7efdb3215242f9528140.jpg","https://media.birdweather.com/species/25/CommonChaffinch-png200-ced617224ab07c316109e2d0e9078f2e.png","WfgJDwKGhIbAbHimmnhluHh2tv25ZoAD",17948264104,"https://media.birdweather.com/soundscapes/6891/6891-20261009-065642.flac",0,3,"birdnetpi"
11637782066,"1791528960-11637782066",6891,"2026-10-09T08:56:00.000+02:00",0.9,0.943003535270691,9.64745803298802,"almost_certain","2p4",NA,51.5682,6.0023,FALSE,11,"Great Tit","Parus major","#7a41c7","avian","https://media.birdweather.com/species/11/GreatTit-standard-0058e4dcd148acb2e0cb8a7b7c6ad3b2.jpg","https://media.birdweather.com/species/11/GreatTit-thumbnail-6910d0adae4550c5e6f2396322ee64c4.jpg","https://media.birdweather.com/species/11/GreatTit-png200-9f3394faf07d12f615112c10cb9d7f02.png","ImkCDwTFxox9pZloaIaeZLsJp9r1yG4P",17948245626,"https://media.birdweather.com/soundscapes/6891/6891-20261009-065600.flac",0,3,"birdnetpi"
11637777479,"1791528944-11637777479",6891,"2026-10-09T08:55:44.000+02:00",0.96,0.943003535270691,9.77803297931994,"almost_certain","2p4",NA,51.5677,6.0014,FALSE,11,"Great Tit","Parus major","#7a41c7","avian","https://media.birdweather.com/species/11/GreatTit-standard-0058e4dcd148acb2e0cb8a7b7c6ad3b2.jpg","https://media.birdweather.com/species/11/GreatTit-thumbnail-6910d0adae4550c5e6f2396322ee64c4.jpg","https://media.birdweather.com/species/11/GreatTit-png200-9f3394faf07d12f615112c10cb9d7f02.png","ImkCDwTFxox9pZloaIaeZLsJp9r1yG4P",17948232171,"https://media.birdweather.com/soundscapes/6891/6891-20261009-065544.flac",0,3,"birdnetpi"
11637774415,"1791528914-11637774415",6891,"2026-10-09T08:55:14.000+02:00",0.78,0.943003535270691,9.34175136768755,"almost_certain","2p4",NA,51.5661,6.0028,FALSE,11,"Great Tit","Parus major","#7a41c7","avian","https://media.birdweather.com/species/11/GreatTit-standard-0058e4dcd148acb2e0cb8a7b7c6ad3b2.jpg","https://media.birdweather.com/species/11/GreatTit-thumbnail-6910d0adae4550c5e6f2396322ee64c4.jpg","https://media.birdweather.com/species/11/GreatTit-png200-9f3394faf07d12f615112c10cb9d7f02.png","ImkCDwTFxox9pZloaIaeZLsJp9r1yG4P",17948223290,"https://media.birdweather.com/soundscapes/6891/6891-20261009-065514.flac",0,3,"birdnetpi"
11637507204,"1791527381-11637507204",6891,"2026-10-09T08:29:41.000+02:00",0.97,0.250644773244858,8.02248445891868,"almost_certain","2p4",NA,51.5677,6.0011,FALSE,153,"Redwing","Turdus iliacus","#a7d386","avian","https://media.birdweather.com/species/153/Redwing-standard-ae91684833cd769f25471a15ff837acf.jpg","https://media.birdweather.com/species/153/Redwing-thumbnail-c9619e17a8a8e1f1c4939acdda7f9932.jpg","https://media.birdweather.com/species/153/Redwing-png200-900c588ec17bc5296570913adee24720.png","H+kFJwhomGePiYh4d4dmeYiWZgiYWX8D",17947457522,"https://media.birdweather.com/soundscapes/6891/6891-20261009-062941.flac",0,3,"birdnetpi"
11637422941,"1791526896-11637422941",6891,"2026-10-09T08:21:36.000+02:00",0.84,0.491019994020462,8.62224165801934,"almost_certain","2p4",NA,51.563,6.0076,FALSE,44,"Dunnock","Prunella modularis","#fea614","avian","https://media.birdweather.com/species/44/Dunnock-standard-a705d7131240cedd1c407b5a19989591.jpg","https://media.birdweather.com/species/44/Dunnock-thumbnail-1036624855b82c96db4ad23d1ed9d702.jpg","https://media.birdweather.com/species/44/Dunnock-png200-951bb2cdb9ec585716907d8eac83882e.png","lQgGDwB9pneQhHlwWjeK2ZK6d/kdFaUA",17947216667,"https://media.birdweather.com/soundscapes/6891/6891-20261009-062136.flac",0,3,"birdnetpi"
11637290186,"1791526166-11637290186",6891,"2026-10-09T08:09:26.000+02:00",0.95,0.954408407211304,9.77341440576116,"almost_certain","2p4",NA,51.5659,6.0025,FALSE,6,"European Robin","Erithacus rubecula","#93d436","avian","https://media.birdweather.com/species/6/EuropeanRobin-standard-6802f21dc9c4b056c0c15b0a4ad01a9a.jpg","https://media.birdweather.com/species/6/EuropeanRobin-thumbnail-3afd51da2d7daf4db7f4ed43af30ed2d.jpg","https://media.birdweather.com/species/6/EuropeanRobin-png200-ac96bfc6bbb72a9e2528d5544937cebd.png","YxgKFwJnWYePd3iMd5h4Z4eHp6cMG8gA",17946852045,"https://media.birdweather.com/soundscapes/6891/6891-20261009-060926.flac",0,3,"birdnetpi"
11637284812,"1791526137-11637284812",6891,"2026-10-09T08:08:57.000+02:00",0.96,0.954408407211304,9.79433084258034,"almost_certain","2p4",NA,51.5676,6.0039,FALSE,6,"European Robin","Erithacus rubecula","#93d436","avian","https://media.birdweather.com/species/6/EuropeanRobin-standard-6802f21dc9c4b056c0c15b0a4ad01a9a.jpg","https://media.birdweather.com/species/6/EuropeanRobin-thumbnail-3afd51da2d7daf4db7f4ed43af30ed2d.jpg","https://media.birdweather.com/species/6/EuropeanRobin-png200-ac96bfc6bbb72a9e2528d5544937cebd.png","YxgKFwJnWYePd3iMd5h4Z4eHp6cMG8gA",17946837213,"https://media.birdweather.com/soundscapes/6891/6891-20261009-060857.flac",0,3,"birdnetpi"
11637238446,"1791525878-11637238446",6891,"2026-10-09T08:04:38.000+02:00",0.76,0.101923361420631,6.34917287449292,"almost_certain","2p4",NA,51.5651,6.0051,FALSE,56,"Hawfinch","Coccothraustes coccothraustes","#009135","avian","https://media.birdweather.com/species/56/Hawfinch-standard-f2fd54227598b155aeb69fb18024453c.jpg","https://media.birdweather.com/species/56/Hawfinch-thumbnail-2f25542de0973f7daac6127debea1661.jpg","https://media.birdweather.com/species/56/Hawfinch-png200-a69e6ce36567512aebe7edd3498f3923.png","XOgBDwKvYWRQ62V5hIx4g2aGae/HK6AF",17946708326,"https://media.birdweather.com/soundscapes/6891/6891-20261009-060438.flac",0,3,"birdnetpi"
11637204252,"1791525693-11637204252",6891,"2026-10-09T08:01:33.000+02:00",0.94,0.491019994020462,8.85500333842904,"almost_certain","2p4",NA,51.5683,6.0021,FALSE,44,"Dunnock","Prunella modularis","#fea614","avian","https://media.birdweather.com/species/44/Dunnock-standard-a705d7131240cedd1c407b5a19989591.jpg","https://media.birdweather.com/species/44/Dunnock-thumbnail-1036624855b82c96db4ad23d1ed9d702.jpg","https://media.birdweather.com/species/44/Dunnock-png200-951bb2cdb9ec585716907d8eac83882e.png","lQgGDwB9pneQhHlwWjeK2ZK6d/kdFaUA",17946613983,"https://media.birdweather.com/soundscapes/6891/6891-20261009-060133.flac",0,3,"birdnetpi"
11637125418,"1791525254-11637125418",6891,"2026-10-09T07:54:14.000+02:00",0.77,0.0770414471626282,6.03417733775447,"almost_certain","2p4",NA,51.5658,6.0006,FALSE,27,"Common Firecrest","Regulus ignicapilla","#ef5bda","avian","https://media.birdweather.com/species/27/CommonFirecrest-standard-ff9859fff35ac3c49c6f34ebd1adf21d.jpg","https://media.birdweather.com/species/27/CommonFirecrest-thumbnail-38c3b2d3a074d0e009186f037872eccb.jpg","https://media.birdweather.com/species/27/CommonFirecrest-png200-88f93066d806fecd495ccc0035b8af8e.png","ZQgGFwDwm4hdqIitZNhJ1IiVa8EIar0A",17946396642,"https://media.birdweather.com/soundscapes/6891/6891-20261009-055414.flac",0,3,"birdnetpi"
11637107023,"1791525155-11637107023",6891,"2026-10-09T07:52:35.000+02:00",0.79,0.954408407211304,9.3862976544157,"almost_certain","2p4",NA,51.566,6.0028,FALSE,6,"European Robin","Erithacus rubecula","#93d436","avian","https://media.birdweather.com/species/6/EuropeanRobin-standard-6802f21dc9c4b056c0c15b0a4ad01a9a.jpg","https://media.birdweather.com/species/6/EuropeanRobin-thumbnail-3afd51da2d7daf4db7f4ed43af30ed2d.jpg","https://media.birdweather.com/species/6/EuropeanRobin-png200-ac96bfc6bbb72a9e2528d5544937cebd.png","YxgKFwJnWYePd3iMd5h4Z4eHp6cMG8gA",17946347129,"https://media.birdweather.com/soundscapes/6891/6891-20261009-055235.flac",0,3,"birdnetpi"
11637094606,"1791525090-11637094606",6891,"2026-10-09T07:51:30.000+02:00",0.97,0.954408407211304,9.81493273456976,"almost_certain","2p4",NA,51.5694,6.0011,FALSE,6,"European Robin","Erithacus rubecula","#93d436","avian","https://media.birdweather.com/species/6/EuropeanRobin-standard-6802f21dc9c4b056c0c15b0a4ad01a9a.jpg","https://media.birdweather.com/species/6/EuropeanRobin-thumbnail-3afd51da2d7daf4db7f4ed43af30ed2d.jpg","https://media.birdweather.com/species/6/EuropeanRobin-png200-ac96bfc6bbb72a9e2528d5544937cebd.png","YxgKFwJnWYePd3iMd5h4Z4eHp6cMG8gA",17946313164,"https://media.birdweather.com/soundscapes/6891/6891-20261009-055130.flac",0,3,"birdnetpi"
11637089707,"1791525066-11637089707",6891,"2026-10-09T07:51:06.000+02:00",0.94,0.954408407211304,9.75217367020689,"almost_certain","2p4",NA,51.5635,6.0026,FALSE,6,"European Robin","Erithacus rubecula","#93d436","avian","https://media.birdweather.com/species/6/EuropeanRobin-standard-6802f21dc9c4b056c0c15b0a4ad01a9a.jpg","https://media.birdweather.com/species/6/EuropeanRobin-thumbnail-3afd51da2d7daf4db7f4ed43af30ed2d.jpg","https://media.birdweather.com/species/6/EuropeanRobin-png200-ac96bfc6bbb72a9e2528d5544937cebd.png","YxgKFwJnWYePd3iMd5h4Z4eHp6cMG8gA",17946299695,"https://media.birdweather.com/soundscapes/6891/6891-20261009-055106.flac",0,3,"birdnetpi"
11637083111,"1791525024-11637083111",6891,"2026-10-09T07:50:24.000+02:00",0.73,0.954408407211304,9.20734800450432,"almost_certain","2p4",NA,51.5681,6.0094,FALSE,6,"European Robin","Erithacus rubecula","#93d436","avian","https://media.birdweather.com/species/6/EuropeanRobin-standard-6802f21dc9c4b056c0c15b0a4ad01a9a.jpg","https://media.birdweather.com/species/6/EuropeanRobin-thumbnail-3afd51da2d7daf4db7f4ed43af30ed2d.jpg","https://media.birdweather.com/species/6/EuropeanRobin-png200-ac96bfc6bbb72a9e2528d5544937cebd.png","YxgKFwJnWYePd3iMd5h4Z4eHp6cMG8gA",17946281734,"https://media.birdweather.com/soundscapes/6891/6891-20261009-055024.flac",0,3,"birdnetpi"
11637080145,"1791525008-11637080145",6891,"2026-10-09T07:50:08.000+02:00",0.74,0.954408407211304,9.23884364447215,"almost_certain","2p4",NA,51.5617,6.0083,FALSE,6,"European Robin","Erithacus rubecula","#93d436","avian","https://media.birdweather.com/species/6/EuropeanRobin-standard-6802f21dc9c4b056c0c15b0a4ad01a9a.jpg","https://media.birdweather.com/species/6/EuropeanRobin-thumbnail-3afd51da2d7daf4db7f4ed43af30ed2d.jpg","https://media.birdweather.com/species/6/EuropeanRobin-png200-ac96bfc6bbb72a9e2528d5544937cebd.png","YxgKFwJnWYePd3iMd5h4Z4eHp6cMG8gA",17946273808,"https://media.birdweather.com/soundscapes/6891/6891-20261009-055008.flac",0,3,"birdnetpi"
11637073269,"1791524976-11637073269",6891,"2026-10-09T07:49:36.000+02:00",0.7,0.954408407211304,9.10826869814023,"almost_certain","2p4",NA,51.5683,6.0053,FALSE,6,"European Robin","Erithacus rubecula","#93d436","avian","https://media.birdweather.com/species/6/EuropeanRobin-standard-6802f21dc9c4b056c0c15b0a4ad01a9a.jpg","https://media.birdweather.com/species/6/EuropeanRobin-thumbnail-3afd51da2d7daf4db7f4ed43af30ed2d.jpg","https://media.birdweather.com/species/6/EuropeanRobin-png200-ac96bfc6bbb72a9e2528d5544937cebd.png","YxgKFwJnWYePd3iMd5h4Z4eHp6cMG8gA",17946255012,"https://media.birdweather.com/soundscapes/6891/6891-20261009-054936.flac",0,3,"birdnetpi"
11637048410,"1791524834-11637048410",6891,"2026-10-09T07:47:14.000+02:00",0.77,0.491019994020462,8.43203572856907,"almost_certain","2p4",NA,51.5649,6.0032,FALSE,44,"Dunnock","Prunella modularis","#fea614","avian","https://media.birdweather.com/species/44/Dunnock-standard-a705d7131240cedd1c407b5a19989591.jpg","https://media.birdweather.com/species/44/Dunnock-thumbnail-1036624855b82c96db4ad23d1ed9d702.jpg","https://media.birdweather.com/species/44/Dunnock-png200-951bb2cdb9ec585716907d8eac83882e.png","lQgGDwB9pneQhHlwWjeK2ZK6d/kdFaUA",17946186142,"https://media.birdweather.com/soundscapes/6891/6891-20261009-054714.flac",0,3,"birdnetpi"
11637037086,"1791524768-11637037086",6891,"2026-10-09T07:46:08.000+02:00",0.82,0.954408407211304,9.46770774046069,"almost_certain","2p4",NA,51.565,6.0051,FALSE,6,"European Robin","Erithacus rubecula","#93d436","avian","https://media.birdweather.com/species/6/EuropeanRobin-standard-6802f21dc9c4b056c0c15b0a4ad01a9a.jpg","https://media.birdweather.com/species/6/EuropeanRobin-thumbnail-3afd51da2d7daf4db7f4ed43af30ed2d.jpg","https://media.birdweather.com/species/6/EuropeanRobin-png200-ac96bfc6bbb72a9e2528d5544937cebd.png","YxgKFwJnWYePd3iMd5h4Z4eHp6cMG8gA",17946154122,"https://media.birdweather.com/soundscapes/6891/6891-20261009-054608.flac",0,3,"birdnetpi"
11637033792,"1791524750-11637033792",6891,"2026-10-09T07:45:50.000+02:00",0.88,0.954408407211304,9.61731077045273,"almost_certain","2p4",NA,51.5673,6.005,FALSE,6,"European Robin","Erithacus rubecula","#93d436","avian","https://media.birdweather.com/species/6/EuropeanRobin-standard-6802f21dc9c4b056c0c15b0a4ad01a9a.jpg","https://media.birdweather.com/species/6/EuropeanRobin-thumbnail-3afd51da2d7daf4db7f4ed43af30ed2d.jpg","https://media.birdweather.com/species/6/EuropeanRobin-png200-ac96bfc6bbb72a9e2528d5544937cebd.png","YxgKFwJnWYePd3iMd5h4Z4eHp6cMG8gA",17946145224,"https://media.birdweather.com/soundscapes/6891/6891-20261009-054550.flac",0,3,"birdnetpi"
11637026871,"1791524712-11637026871",6891,"2026-10-09T07:45:12.000+02:00",0.75,0.954408407211304,9.26963145698948,"almost_certain","2p4",NA,51.5624,6.0067,FALSE,6,"European Robin","Erithacus rubecula","#93d436","avian","https://media.birdweather.com/species/6/EuropeanRobin-standard-6802f21dc9c4b056c0c15b0a4ad01a9a.jpg","https://media.birdweather.com/species/6/EuropeanRobin-thumbnail-3afd51da2d7daf4db7f4ed43af30ed2d.jpg","https://media.birdweather.com/species/6/EuropeanRobin-png200-ac96bfc6bbb72a9e2528d5544937cebd.png","YxgKFwJnWYePd3iMd5h4Z4eHp6cMG8gA",17946126329,"https://media.birdweather.com/soundscapes/6891/6891-20261009-054512.flac",0,3,"birdnetpi"
11636946791,"1791524267-11636946791",6891,"2026-10-09T07:37:47.000+02:00",0.71,0.992281138896942,9.19486854739177,"almost_certain","2p4",NA,51.5627,6.0039,FALSE,58,"Carrion Crow","Corvus corone","#01a85a","avian","https://media.birdweather.com/species/58/CarrionCrow-standard-ed24da07616d0cd7c5ef9cd2892ec869.jpg","https://media.birdweather.com/species/58/CarrionCrow-thumbnail-38cc6285bbd8f8340f32fa4dc3f58a69.jpg","https://media.birdweather.com/species/58/CarrionCrow-png200-5ec2904f61f6588853b296f54d8d0cb6.png","nggODwDDmZlqdoiPdLeIWIiYaK6A1gMK",17945904592,"https://media.birdweather.com/soundscapes/6891/6891-20261009-053747.flac",0,3,"birdnetpi"
11636940623,"1791524232-11636940623",6891,"2026-10-09T07:37:12.000+02:00",0.99,0.491019994020462,8.95805942552454,"almost_certain","2p4",NA,51.5696,6.0056,FALSE,44,"Dunnock","Prunella modularis","#fea614","avian","https://media.birdweather.com/species/44/Dunnock-standard-a705d7131240cedd1c407b5a19989591.jpg","https://media.birdweather.com/species/44/Dunnock-thumbnail-1036624855b82c96db4ad23d1ed9d702.jpg","https://media.birdweather.com/species/44/Dunnock-png200-951bb2cdb9ec585716907d8eac83882e.png","lQgGDwB9pneQhHlwWjeK2ZK6d/kdFaUA",17945886631,"https://media.birdweather.com/soundscapes/6891/6891-20261009-053712.flac",0,3,"birdnetpi"
11636935886,"1791524207-11636935886",6891,"2026-10-09T07:36:47.000+02:00",0.93,0.954408407211304,9.73059842116054,"almost_certain","2p4",NA,51.5668,6.0029,FALSE,6,"European Robin","Erithacus rubecula","#93d436","avian","https://media.birdweather.com/species/6/EuropeanRobin-standard-6802f21dc9c4b056c0c15b0a4ad01a9a.jpg","https://media.birdweather.com/species/6/EuropeanRobin-thumbnail-3afd51da2d7daf4db7f4ed43af30ed2d.jpg","https://media.birdweather.com/species/6/EuropeanRobin-png200-ac96bfc6bbb72a9e2528d5544937cebd.png","YxgKFwJnWYePd3iMd5h4Z4eHp6cMG8gA",17945873264,"https://media.birdweather.com/soundscapes/6891/6891-20261009-053647.flac",0,3,"birdnetpi"
11636931171,"1791524178-11636931171",6891,"2026-10-09T07:36:18.000+02:00",0.95,0.954408407211304,9.77341440576116,"almost_certain","2p4",NA,51.5692,6.0086,FALSE,6,"European Robin","Erithacus rubecula","#93d436","avian","https://media.birdweather.com/species/6/EuropeanRobin-standard-6802f21dc9c4b056c0c15b0a4ad01a9a.jpg","https://media.birdweather.com/species/6/EuropeanRobin-thumbnail-3afd51da2d7daf4db7f4ed43af30ed2d.jpg","https://media.birdweather.com/species/6/EuropeanRobin-png200-ac96bfc6bbb72a9e2528d5544937cebd.png","YxgKFwJnWYePd3iMd5h4Z4eHp6cMG8gA",17945859847,"https://media.birdweather.com/soundscapes/6891/6891-20261009-053618.flac",0,3,"birdnetpi"
11636926499,"1791524154-11636926499",6891,"2026-10-09T07:35:54.000+02:00",0.97,0.954408407211304,9.81493273456976,"almost_certain","2p4",NA,51.5644,6.0075,FALSE,6,"European Robin","Erithacus rubecula","#93d436","avian","https://media.birdweather.com/species/6/EuropeanRobin-standard-6802f21dc9c4b056c0c15b0a4ad01a9a.jpg","https://media.birdweather.com/species/6/EuropeanRobin-thumbnail-3afd51da2d7daf4db7f4ed43af30ed2d.jpg","https://media.birdweather.com/species/6/EuropeanRobin-png200-ac96bfc6bbb72a9e2528d5544937cebd.png","YxgKFwJnWYePd3iMd5h4Z4eHp6cMG8gA",17945846450,"https://media.birdweather.com/soundscapes/6891/6891-20261009-053554.flac",0,3,"birdnetpi"
11636923534,"1791524133-11636923534",6891,"2026-10-09T07:35:33.000+02:00",0.94,0.954408407211304,9.75217367020689,"almost_certain","2p4",NA,51.5616,6.0083,FALSE,6,"European Robin","Erithacus rubecula","#93d436","avian","https://media.birdweather.com/species/6/EuropeanRobin-standard-6802f21dc9c4b056c0c15b0a4ad01a9a.jpg","https://media.birdweather.com/species/6/EuropeanRobin-thumbnail-3afd51da2d7daf4db7f4ed43af30ed2d.jpg","https://media.birdweather.com/species/6/EuropeanRobin-png200-ac96bfc6bbb72a9e2528d5544937cebd.png","YxgKFwJnWYePd3iMd5h4Z4eHp6cMG8gA",17945838009,"https://media.birdweather.com/soundscapes/6891/6891-20261009-053533.flac",0,3,"birdnetpi"
11636918845,"1791524114-11636918845",6891,"2026-10-09T07:35:14.000+02:00",0.98,0.954408407211304,9.8352294020954,"almost_certain","2p4",NA,51.5693,6.0015,FALSE,6,"European Robin","Erithacus rubecula","#93d436","avian","https://media.birdweather.com/species/6/EuropeanRobin-standard-6802f21dc9c4b056c0c15b0a4ad01a9a.jpg","https://media.birdweather.com/species/6/EuropeanRobin-thumbnail-3afd51da2d7daf4db7f4ed43af30ed2d.jpg","https://media.birdweather.com/species/6/EuropeanRobin-png200-ac96bfc6bbb72a9e2528d5544937cebd.png","YxgKFwJnWYePd3iMd5h4Z4eHp6cMG8gA",17945824553,"https://media.birdweather.com/soundscapes/6891/6891-20261009-053514.flac",0,3,"birdnetpi"
11636913524,"1791524076-11636913524",6891,"2026-10-09T07:34:36.000+02:00",0.95,0.954408407211304,9.77341440576116,"almost_certain","2p4",NA,51.5644,6.0014,FALSE,6,"European Robin","Erithacus rubecula","#93d436","avian","https://media.birdweather.com/species/6/EuropeanRobin-standard-6802f21dc9c4b056c0c15b0a4ad01a9a.jpg","https://media.birdweather.com/species/6/EuropeanRobin-thumbnail-3afd51da2d7daf4db7f4ed43af30ed2d.jpg","https://media.birdweather.com/species/6/EuropeanRobin-png200-ac96bfc6bbb72a9e2528d5544937cebd.png","YxgKFwJnWYePd3iMd5h4Z4eHp6cMG8gA",17945809669,"https://media.birdweather.com/soundscapes/6891/6891-20261009-053436.flac",0,3,"birdnetpi"
11636908715,"1791524058-11636908715",6891,"2026-10-09T07:34:18.000+02:00",0.95,0.954408407211304,9.77341440576116,"almost_certain","2p4",NA,51.5665,6.0054,FALSE,6,"European Robin","Erithacus rubecula","#93d436","avian","https://media.birdweather.com/species/6/EuropeanRobin-standard-6802f21dc9c4b056c0c15b0a4ad01a9a.jpg","https://media.birdweather.com/species/6/EuropeanRobin-thumbnail-3afd51da2d7daf4db7f4ed43af30ed2d.jpg","https://media.birdweather.com/species/6/EuropeanRobin-png200-ac96bfc6bbb72a9e2528d5544937cebd.png","YxgKFwJnWYePd3iMd5h4Z4eHp6cMG8gA",17945796317,"https://media.birdweather.com/soundscapes/6891/6891-20261009-053418.flac",0,3,"birdnetpi"
11636831924,"1791523611-11636831924",6891,"2026-10-09T07:26:51.000+02:00",0.84,0.954408407211304,9.5194119897972,"almost_certain","2p4",NA,51.5631,6.0023,FALSE,6,"European Robin","Erithacus rubecula","#93d436","avian","https://media.birdweather.com/species/6/EuropeanRobin-standard-6802f21dc9c4b056c0c15b0a4ad01a9a.jpg","https://media.birdweather.com/species/6/EuropeanRobin-thumbnail-3afd51da2d7daf4db7f4ed43af30ed2d.jpg","https://media.birdweather.com/species/6/EuropeanRobin-png200-ac96bfc6bbb72a9e2528d5544937cebd.png","YxgKFwJnWYePd3iMd5h4Z4eHp6cMG8gA",17945578952,"https://media.birdweather.com/soundscapes/6891/6891-20261009-052651.flac",0,3,"birdnetpi"
11636825180,"1791523577-11636825180",6891,"2026-10-09T07:26:17.000+02:00",0.84,0.954408407211304,9.5194119897972,"almost_certain","2p4",NA,51.5667,6.0023,FALSE,6,"European Robin","Erithacus rubecula","#93d436","avian","https://media.birdweather.com/species/6/EuropeanRobin-standard-6802f21dc9c4b056c0c15b0a4ad01a9a.jpg","https://media.birdweather.com/species/6/EuropeanRobin-thumbnail-3afd51da2d7daf4db7f4ed43af30ed2d.jpg","https://media.birdweather.com/species/6/EuropeanRobin-png200-ac96bfc6bbb72a9e2528d5544937cebd.png","YxgKFwJnWYePd3iMd5h4Z4eHp6cMG8gA",17945559694,"https://media.birdweather.com/soundscapes/6891/6891-20261009-052617.flac",0,3,"birdnetpi"
11636812506,"1791523508-11636812506",6891,"2026-10-09T07:25:08.000+02:00",0.93,0.954408407211304,9.73059842116054,"almost_certain","2p4",NA,51.5678,6.0039,FALSE,6,"European Robin","Erithacus rubecula","#93d436","avian","https://media.birdweather.com/species/6/EuropeanRobin-standard-6802f21dc9c4b056c0c15b0a4ad01a9a.jpg","https://media.birdweather.com/species/6/EuropeanRobin-thumbnail-3afd51da2d7daf4db7f4ed43af30ed2d.jpg","https://media.birdweather.com/species/6/EuropeanRobin-png200-ac96bfc6bbb72a9e2528d5544937cebd.png","YxgKFwJnWYePd3iMd5h4Z4eHp6cMG8gA",17945522647,"https://media.birdweather.com/soundscapes/6891/6891-20261009-052508.flac",0,3,"birdnetpi"
11636751420,"1791523125-11636751420",6891,"2026-10-09T07:18:45.000+02:00",0.96,0.954408407211304,9.79433084258034,"almost_certain","2p4",NA,51.5686,6.0031,FALSE,6,"European Robin","Erithacus rubecula","#93d436","avian","https://media.birdweather.com/species/6/EuropeanRobin-standard-6802f21dc9c4b056c0c15b0a4ad01a9a.jpg","https://media.birdweather.com/species/6/EuropeanRobin-thumbnail-3afd51da2d7daf4db7f4ed43af30ed2d.jpg","https://media.birdweather.com/species/6/EuropeanRobin-png200-ac96bfc6bbb72a9e2528d5544937cebd.png","YxgKFwJnWYePd3iMd5h4Z4eHp6cMG8gA",17945338549,"https://media.birdweather.com/soundscapes/6891/6891-20261009-051845.flac",0,3,"birdnetpi"
11636748961,"1791523107-11636748961",6891,"2026-10-09T07:18:27.000+02:00",0.93,0.954408407211304,9.73059842116054,"almost_certain","2p4",NA,51.5671,6.002,FALSE,6,"European Robin","Erithacus rubecula","#93d436","avian","https://media.birdweather.com/species/6/EuropeanRobin-standard-6802f21dc9c4b056c0c15b0a4ad01a9a.jpg","https://media.birdweather.com/species/6/EuropeanRobin-thumbnail-3afd51da2d7daf4db7f4ed43af30ed2d.jpg","https://media.birdweather.com/species/6/EuropeanRobin-png200-ac96bfc6bbb72a9e2528d5544937cebd.png","YxgKFwJnWYePd3iMd5h4Z4eHp6cMG8gA",17945330805,"https://media.birdweather.com/soundscapes/6891/6891-20261009-051827.flac",0,3,"birdnetpi"
11636088617,"1791518198-11636088617",6891,"2026-10-09T05:56:38.000+02:00",0.71,0.0822876840829849,5.92724987164953,"almost_certain","2p4",NA,51.5631,6.005,FALSE,246,"Common Crane","Grus grus","#ff7c77","avian","https://media.birdweather.com/species/246/CommonCrane-standard-cec9ae763be01265cb8885cbf554da81.jpg","https://media.birdweather.com/species/246/CommonCrane-thumbnail-a2f452a16c99fb4bd0e5e619d61bdeca.jpg","https://media.birdweather.com/species/246/CommonCrane-png200-fdcf611fd887c260703924f32bc092ee.png","nfcJJwSohndwh4h0h4d3d4h6ePa4V48L",17942940827,"https://media.birdweather.com/soundscapes/6891/6891-20261009-035638.flac",0,3,"birdnetpi"
11634787805,"1791508472-11634787805",6891,"2026-10-09T03:14:32.000+02:00",0.86,0.675584197044373,9.10173200343367,"almost_certain","2p4",NA,51.5631,6.0071,FALSE,30,"Common Buzzard","Buteo buteo","#37e188","avian","https://media.birdweather.com/species/30/CommonBuzzard-standard-624dd5ff44ca4409c2692d7ec2eec597.jpg","https://media.birdweather.com/species/30/CommonBuzzard-thumbnail-781fb553c5eb2032627994238a1027c5.jpg","https://media.birdweather.com/species/30/CommonBuzzard-png200-dcecf7087fca9c5bd3977532471c052a.png","XwkGDwKDmYifVWWAmFZnmqiIer/ICGME",17938224097,"https://media.birdweather.com/soundscapes/6891/6891-20261009-011432.flac",0,3,"birdnetpi"
